Track,Date,Race Number,Breed of Race,Distance,About Distance Indicator,Surface,Off Turf Indicator,Course Type,Race Type,Abbreviated Race Conditions,Race Name,Sex Restriction,Age Restriction,Statebred Restriction,Purse,Maximum Claiming Price,Minimum Claiming Price,Grade,Division,Number of Starters,Track Condition,Weather,Post Time,Temp Rail Distance,Chute Start Indicator,Track Sealed Indicator,Race F1 Time,Race F2 Time,Race F3 Time,Race F4 Time,Race F5 Time,Race Winning Time,WPS Combined Pool,Run Up Distance,Downhill Turf Indicator,Number of turns in race,Number of turns in race (decimal),Field 39,Field 40,Field 41,Field 42,Field 43,Field 44,Field 45,Field 46,Field 47,Field 48,Field 49,Field 50,Horse Name,Horse Age,Horse Sex,Medication,Equipment,Weight Carried,Claiming Price,Earnings,Program Number,Coupled Type,Morning Line Odds,Final Tote Odds,Favorite Indicator,Non-Betting Indicator,Win Mutuel Paid,Place Mutuel Paid,Show Mutuel Paid,Post Position,Position at Start Call,Position at Call 1,Position at Call 2,Position at Call 3,Position at Call 4,Position at Call 5,Position at Finish,Official Finish Position,Call 1 Lengths Behind,Call 2 Lengths Behind,Call 3 Lengths Behind,Call 4 Lengths Behind,Stretch Call Lengths Behind,Finish Lengths Behind,Comment Line,Trainer First Name,Trainer Middle Name,Trainer Last Name,Jockey First Name,Jockey Middle Name,Jockey Last Name,Apprentice Wgt Allowance,Owner Full Name,Claimed Indicator,Claiming Trainer First Name,Claiming Trainer Middle Name,Claiming Trainer Last Name,Claiming Owner Full Name,Scratch Indicator,Reason for Scratch,Last Race Track,Last Race Date,Last Race Race Number,Last Race Finish Position,Long Comment Line,Sire,Dam,DamSire,Foaling Date,Foaling Area,Horse Weight,Number of Claims Submitted,Void Indicator,Void Reason,Breeder,Color,Jockey ID,Trainer ID,Field 117,Field 118,Field 119,Field 120,Field 121,Field 122,Field 123,Field 124,Field 125,Field 126,Field 127,Field 128,Field 129,Field 130,#1 Wager Type,#1 Wager Unit,#1 Number Right,#1 Wager Payout,#1 Winning Pgm Numbers,#1 Total Pool,#2 Wager Type,#2 Wager Unit,#2 Number Right,#2 Wager Payout,#2 Winning Pgm Numbers,#2 Total Pool,#3 Wager Type,#3 Wager Unit,#3 Number Right,#3 Wager Payout,#3 Winning Pgm Numbers,#3 Total Pool,#4 Wager Type,#4 Wager Unit,#4 Number Right,#4 Wager Payout,#4 Winning Pgm Numbers,#4 Total Pool,#5 Wager Type,#5 Wager Unit,#5 Number Right,#5 Wager Payout,#5 Winning Pgm Numbers,#5 Total Pool,#6 Wager Type,#6 Wager Unit,#6 Number Right,#6 Wager Payout,#6 Winning Pgm Numbers,#6 Total Pool,#7 Wager Type,#7 Wager Unit,#7 Number Right,#7 Wager Payout,#7 Winning Pgm Numbers,#7 Total Pool,#8 Wager Type,#8 Wager Unit,#8 Number Right,#8 Wager Payout,#8 Winning Pgm Numbers,#8 Total Pool,#9 Wager Type,#9 Wager Unit,#9 Number Right,#9 Wager Payout,#9 Winning Pgm Numbers,#9 Total Pool,#10 Wager Type,#10 Wager Unit,#10 Number Right,#10 Wager Payout,#10 Winning Pgm Numbers,#10 Total Pool,#11 Wager Type,#11 Wager Unit,#11 Number Right,#11 Wager Payout,#11 Winning Pgm Numbers,#11 Total Pool,#12 Wager Type,#12 Wager Unit,#12 Number Right,#12 Wager Payout,#12 Winning Pgm Numbers,#12 Total Pool,#13 Wager Type,#13 Wager Unit,#13 Number Right,#13 Wager Payout,#13 Winning Pgm Numbers,#13 Total Pool,#14 Wager Type,#14 Wager Unit,#14 Number Right,#14 Wager Payout,#14 Winning Pgm Numbers,#14 Total Pool,#15 Wager Type,#15 Wager Unit,#15 Number Right,#15 Wager Payout,#15 Winning Pgm Numbers,#15 Total Pool,#16 Wager Type,#16 Wager Unit,#16 Number Right,#16 Wager Payout,#16 Winning Pgm Numbers,#16 Total Pool,#17 Wager Type,#17 Wager Unit,#17 Number Right,#17 Wager Payout,#17 Winning Pgm Numbers,#17 Total Pool,#18 Wager Type,#18 Wager Unit,#18 Number Right,#18 Wager Payout,#18 Winning Pgm Numbers,#18 Total Pool,#19 Wager Type,#19 Wager Unit,#19 Number Right,#19 Wager Payout,#19 Winning Pgm Numbers,#19 Total Pool
OP,03/22/2026,1,Thoroughbred,6.00,,Dirt,,Main Course,Maiden Claiming,,,,3 year olds & up,,48000,40000,40000,,,6,Fast,Clear,12:33,,,,21.720,45.530,57.910,,,70.390,127488,80,,1,1,,,,,,,,,,,,,Ledbetter,,,,,,,,,,,,,,,,,,,,,,,,,,,,,,,,,,,,,,,,,,,,,,Y,Trainer,,,,,,,,,,,,,,,,,,,,,,,,,,,,,,,,,Exacta,1.00,,23.70,6-3,78830.00,Superfecta,.10,,93.81,6-3-7-5,21935.00,Trifecta,.50,,97.55,6-3-7,38821.00,,,,,,,,,,,,,,,,,,,,,,,,,,,,,,,,,,,,,,,,,,,,,,,,,,,,,,,,,,,,,,,,,,,,,,,,,,,,,,,,,,,,,,,,,,,,,,,,
OP,03/22/2026,1,Thoroughbred,6.00,,Dirt,,Main Course,Maiden Claiming,,,,3 year olds & up,,48000,40000,40000,,,6,Fast,Clear,12:33,,,,21.720,45.530,57.910,,,70.390,127488,80,,1,1,,,,,,,,,,,,,Speedstorm,4,H,L,,124,40000,28800,6,,8,5.7,,,13.4,6.6,4.6,5,6,3,3,,,2,1,1,.60,1.10,,,.10,,"3-4p,inched ahead late",Ron,,Moquett,Ramon,A.,Vazquez,,Triton Thoroughbreds LLC,,,,,,,,GP,03/29/2025,5,7,"stalk, nudged 3p into turn, roused5/16, bid 4p lane, inched ahead",Volatile,Truly Striking,Smart Strike,05/07/2022,KY,,,,,"Fred W. Hertrich III, John D. Fielding & Robert L. Tribbett",GR/RO,100175,137778,,,,,,,,,,,,,,,Exacta,1.00,,23.70,6-3,78830.00,Superfecta,.10,,93.81,6-3-7-5,21935.00,Trifecta,.50,,97.55,6-3-7,38821.00,,,,,,,,,,,,,,,,,,,,,,,,,,,,,,,,,,,,,,,,,,,,,,,,,,,,,,,,,,,,,,,,,,,,,,,,,,,,,,,,,,,,,,,,,,,,,,,,
OP,03/22/2026,1,Thoroughbred,6.00,,Dirt,,Main Course,Maiden Claiming,,,,3 year olds & up,,48000,40000,40000,,,6,Fast,Clear,12:33,,,,21.720,45.530,57.910,,,70.390,127488,80,,1,1,,,,,,,,,,,,,Capital Connection,5,G,L,Blinkers,124,40000,9600,3,,1.6,2.7,,,,4.4,3,2,3,1,1,,,1,2,2,,,,,,.50,"2p-rail,dug in,bump1/8",Steven,M.,Asmussen,Keith,J.,Asmussen,,Steven M. Asmussen,,,,,,,,OP,03/07/2026,8,2,"pace2p, nibbled ins turn, cue1/4, dug in2p lane,bump1/8,edged out",Connect,Karaoke Queen,Flatter,02/18/2021,KY,,,,,Golden Goose Enterprises,DK B/,168392,5621,,,,,,,,,,,,,,,Exacta,1.00,,23.70,6-3,78830.00,Superfecta,.10,,93.81,6-3-7-5,21935.00,Trifecta,.50,,97.55,6-3-7,38821.00,,,,,,,,,,,,,,,,,,,,,,,,,,,,,,,,,,,,,,,,,,,,,,,,,,,,,,,,,,,,,,,,,,,,,,,,,,,,,,,,,,,,,,,,,,,,,,,,
OP,03/22/2026,1,Thoroughbred,6.00,,Dirt,,Main Course,Maiden Claiming,,,,3 year olds & up,,48000,40000,40000,,,6,Fast,Clear,12:33,,,,21.720,45.530,57.910,,,70.390,127488,80,,1,1,,,,,,,,,,,,,McKinsense,4,G,L,BF,124,40000,4800,7,,15,9.5,,,,,5,6,5,6,5,,,4,3,3,1.30,1.70,,,1.20,2.50,"trailed 5-4p, ran on",Randy,L.,Morse,Rafael,,Bejarano,,"Patterson, Randy, Vogel, Sam M and Morgan, Joe",,,,,,,,,,,,"trailed 5p, driven 4p turn, swung 5p into lane, ran on for show",McKinzie,Lily Con,Verrazano,02/11/2022,KY,,,,,"Fred W. Hertrich lll, John D. Fielding & Robert L. Tribbett",B,102032,1300,,,,,,,,,,,,,,,Exacta,1.00,,23.70,6-3,78830.00,Superfecta,.10,,93.81,6-3-7-5,21935.00,Trifecta,.50,,97.55,6-3-7,38821.00,,,,,,,,,,,,,,,,,,,,,,,,,,,,,,,,,,,,,,,,,,,,,,,,,,,,,,,,,,,,,,,,,,,,,,,,,,,,,,,,,,,,,,,,,,,,,,,,
OP,03/22/2026,1,Thoroughbred,6.00,,Dirt,,Main Course,Maiden Claiming,,,,3 year olds & up,,48000,40000,40000,,,6,Fast,Clear,12:33,,,,21.720,45.530,57.910,,,70.390,127488,80,,1,1,,,,,,,,,,,,,Historic,4,G,L,Blinkers,124,40000,2400,5,,4,7.4,,,,,,4,2,2,2,,,3,4,4,.10,.10,,,.20,3.50,"bump st, 2-3p, bump1/8",Norm,W.,Casse,Abel,,Cedillo,,Harry T. Rosenblum,,,,,,,,OP,02/14/2026,1,5,"bump st,press,vied2p turn,roused1/4,fought on3p,bump1/8, flatten",Take Charge Indy,My Ekati Cat,Tale of Ekati,02/25/2022,KY,,,,,Frankfort Park Farm & Lady Lydie Bloodstock,DK B/,136123,962326,,,,,,,,,,,,,,,Exacta,1.00,,23.70,6-3,78830.00,Superfecta,.10,,93.81,6-3-7-5,21935.00,Trifecta,.50,,97.55,6-3-7,38821.00,,,,,,,,,,,,,,,,,,,,,,,,,,,,,,,,,,,,,,,,,,,,,,,,,,,,,,,,,,,,,,,,,,,,,,,,,,,,,,,,,,,,,,,,,,,,,,,,
OP,03/22/2026,1,Thoroughbred,6.00,,Dirt,,Main Course,Maiden Claiming,,,,3 year olds & up,,48000,40000,40000,,,6,Fast,Clear,12:33,,,,21.720,45.530,57.910,,,70.390,127488,80,,1,1,,,,,,,,,,,,,Nyquist Frequency,5,G,L,Blinkers,124,40000,1200,1,,2,1.4,Y,,,,,1,4,5,4,,,5,5,5,1.20,1.60,,,1.70,4.75,"ins,angle4p upr,no bid",Chris,A.,Hartman,Francisco,,Arrieta,,JD Thoroughbreds LLC,,,,,,,,OP,02/14/2026,1,2,"track inside, angled 4p upper stretch, no closing bid",Nyquist,Is It Gold,Indygo Shiner,04/22/2021,KY,,,,,Titletown Racing Stables (Paul Farr),DK B/,148561,235027,,,,,,,,,,,,,,,Exacta,1.00,,23.70,6-3,78830.00,Superfecta,.10,,93.81,6-3-7-5,21935.00,Trifecta,.50,,97.55,6-3-7,38821.00,,,,,,,,,,,,,,,,,,,,,,,,,,,,,,,,,,,,,,,,,,,,,,,,,,,,,,,,,,,,,,,,,,,,,,,,,,,,,,,,,,,,,,,,,,,,,,,,
OP,03/22/2026,1,Thoroughbred,6.00,,Dirt,,Main Course,Maiden Claiming,,,,3 year olds & up,,48000,40000,40000,,,6,Fast,Clear,12:33,,,,21.720,45.530,57.910,,,70.390,127488,80,,1,1,,,,,,,,,,,,,Hard Circle,4,H,L,Blinkers,124,40000,1200,4,,6,4.6,,,,,,3,1,4,6,,,6,6,6,1.10,2.20,,,4.70,12.00,"bump st, btw3p, no bid",Michael,J.,Maker,Cristian,A.,Torres,,Three Diamonds Farm,,,,,,,,OP,02/19/2026,7,3,"bump st, rated between 3p early, not threaten",Hard Spun,Fierce for Sul,Speightstown,04/01/2022,KY,,,,,HRH Prince Sultan Bin Mishal Al Saud,GR/RO,158863,29986,,,,,,,,,,,,,,,Exacta,1.00,,23.70,6-3,78830.00,Superfecta,.10,,93.81,6-3-7-5,21935.00,Trifecta,.50,,97.55,6-3-7,38821.00,,,,,,,,,,,,,,,,,,,,,,,,,,,,,,,,,,,,,,,,,,,,,,,,,,,,,,,,,,,,,,,,,,,,,,,,,,,,,,,,,,,,,,,,,,,,,,,,
OP,03/22/2026,2,Thoroughbred,8.00,,Dirt,,Main Course,Claiming,NW2     L,,Fillies & mares,3 year olds & up,,41000,32000,32000,,,8,Fast,Clear,1:06,,,,23.750,47.910,73.010,86.390,,99.570,154934,60,,2,2,,,,,,,,,,,,,Promisemeanempire,5,M,L,Front Wraps,121,32000,24600,3,,6,1.9,Y,,5.8,3.2,2.6,3,3,2,1,1,,1,1,1,.10,,,,,,"bump st,rail,drift out",Matt,A.,Shirer,Francisco,,Arrieta,,Chris Odom,,,,,,,,OP,02/20/2026,9,3,"bump st, pace off rail, roused 1/4, kicked on while drifting out",Classic Empire,Promise Me More,More Than Ready,05/03/2021,KY,,,,,Almar Farm LLC,DK B/,148561,955548,,,,,,,,,,,,,,,Daily Double,1.00,,29.40,6-3,32417.00,Exacta,1.00,,6.80,3-4,100695.00,Superfecta,.10,,21.24,3-4-6-7,37374.00,Trifecta,.50,,22.45,3-4-6,58459.00,,,,,,,,,,,,,,,,,,,,,,,,,,,,,,,,,,,,,,,,,,,,,,,,,,,,,,,,,,,,,,,,,,,,,,,,,,,,,,,,,,,,,,,,,,
OP,03/22/2026,2,Thoroughbred,8.00,,Dirt,,Main Course,Claiming,NW2     L,,Fillies & mares,3 year olds & up,,41000,32000,32000,,,8,Fast,Clear,1:06,,,,23.750,47.910,73.010,86.390,,99.570,154934,60,,2,2,,,,,,,,,,,,,Bamtwentyklater,4,M,L,,118,32000,8200,4,,2,2.4,,,,3,2.4,4,6,5,5,4,,2,2,2,2.20,3.10,2.10,,2.00,.25,"bump st,3p,float6p str",Thomas,M.,Amoss,Rafael,,Bejarano,,Bob Wheatley,,,,,,,,OP,02/26/2026,4,2,"bump btwn st, chase 3p, driven far turn, float 6p stretch, ran on",Tiz the Law,Youvegottopaytopla,Giant's Causeway,02/19/2022,KY,,,,,BlackRidge Stables LLC,B,102032,3496,,,,,,,,,,,,,,,Daily Double,1.00,,29.40,6-3,32417.00,Exacta,1.00,,6.80,3-4,100695.00,Superfecta,.10,,21.24,3-4-6-7,37374.00,Trifecta,.50,,22.45,3-4-6,58459.00,,,,,,,,,,,,,,,,,,,,,,,,,,,,,,,,,,,,,,,,,,,,,,,,,,,,,,,,,,,,,,,,,,,,,,,,,,,,,,,,,,,,,,,,,,
OP,03/22/2026,2,Thoroughbred,8.00,,Dirt,,Main Course,Claiming,NW2     L,,Fillies & mares,3 year olds & up,,41000,32000,32000,,,8,Fast,Clear,1:06,,,,23.750,47.910,73.010,86.390,,99.570,154934,60,,2,2,,,,,,,,,,,,,Catching Heat,5,M,L,,121,32000,4100,6,,4.5,10.7,,,,,4,6,1,6,7,6,,4,3,3,4.20,4.60,3.20,,3.00,1.50,"4p,swung7p str,kept on",Steven,M.,Asmussen,Keith,J.,Asmussen,,Steven M. Asmussen,,,,,,,,OP,02/26/2026,4,4,"rated 4p, coaxed around far turn, swung 7p lane, kept on for show",Union Rags,Philly Mignon,Giant's Causeway,02/28/2021,KY,,,,,"PTK, LLC",DK B/,168392,5621,,,,,,,,,,,,,,,Daily Double,1.00,,29.40,6-3,32417.00,Exacta,1.00,,6.80,3-4,100695.00,Superfecta,.10,,21.24,3-4-6-7,37374.00,Trifecta,.50,,22.45,3-4-6,58459.00,,,,,,,,,,,,,,,,,,,,,,,,,,,,,,,,,,,,,,,,,,,,,,,,,,,,,,,,,,,,,,,,,,,,,,,,,,,,,,,,,,,,,,,,,,
OP,03/22/2026,2,Thoroughbred,8.00,,Dirt,,Main Course,Claiming,NW2     L,,Fillies & mares,3 year olds & up,,41000,32000,32000,,,8,Fast,Clear,1:06,,,,23.750,47.910,73.010,86.390,,99.570,154934,60,,2,2,,,,,,,,,,,,,Teatotal,4,M,L,,118,32000,2050,7,,12,18,,,,,,7,7,7,6,7,,5,4,4,4.70,4.10,4.20,,5.00,4.00,"off pace 2-4p, evenly",Gene,,Jacquot,Israel,,Hernandez,,Joe D. Casey,,,,,,,,OP,02/26/2026,4,6,"off pace 2p, ridden around far turn, finished evenly 4p stretch",Tapwrit,Starship Tribbles,Macho Uno,01/30/2022,FL,,,Y,Vet,Starship Stables,B,149814,10485,,,,,,,,,,,,,,,Daily Double,1.00,,29.40,6-3,32417.00,Exacta,1.00,,6.80,3-4,100695.00,Superfecta,.10,,21.24,3-4-6-7,37374.00,Trifecta,.50,,22.45,3-4-6,58459.00,,,,,,,,,,,,,,,,,,,,,,,,,,,,,,,,,,,,,,,,,,,,,,,,,,,,,,,,,,,,,,,,,,,,,,,,,,,,,,,,,,,,,,,,,,
OP,03/22/2026,2,Thoroughbred,8.00,,Dirt,,Main Course,Claiming,NW2     L,,Fillies & mares,3 year olds & up,,41000,32000,32000,,,8,Fast,Clear,1:06,,,,23.750,47.910,73.010,86.390,,99.570,154934,60,,2,2,,,,,,,,,,,,,Super Costly,4,M,L,Blinkers,121,32000,513,8,,3,5.3,,,,,,8,2,3,3,2,,3,5,5,1.10,1.60,.50,,2.50,4.05,"bid4p1/4,faded 2p lane",Rodolphe,,Brisset,Cristian,A.,Torres,,Jac Mac Stable LLC,Y,Cipriano,,Contreras,"Contreras Stable, Inc., Fisher, Edward J. and Fisher, Linda",,,CD,09/12/2025,1,6,"stalk 4p, roused bid 1/4, faded 2p lane",Dialed In,Superior Storm,Stormy Atlantic,03/03/2022,KY,,1,,,Jacmac Stable LLC,B,158863,959213,,,,,,,,,,,,,,,Daily Double,1.00,,29.40,6-3,32417.00,Exacta,1.00,,6.80,3-4,100695.00,Superfecta,.10,,21.24,3-4-6-7,37374.00,Trifecta,.50,,22.45,3-4-6,58459.00,,,,,,,,,,,,,,,,,,,,,,,,,,,,,,,,,,,,,,,,,,,,,,,,,,,,,,,,,,,,,,,,,,,,,,,,,,,,,,,,,,,,,,,,,,
OP,03/22/2026,2,Thoroughbred,8.00,,Dirt,,Main Course,Claiming,NW2     L,,Fillies & mares,3 year olds & up,,41000,32000,32000,,,8,Fast,Clear,1:06,,,,23.750,47.910,73.010,86.390,,99.570,154934,60,,2,2,,,,,,,,,,,,,Revelant,4,M,L,,121,32000,513,5,,8,8.2,,,,,,5,5,1,2,3,,6,6,6,,1.50,.60,,6.50,10.05,"bump st, 3p, yield str",John,Alexander,Ortiz,Danilo,,Grisales Rave,,Rags Racing Stable LLC,,,,,,,,OP,02/28/2026,2,2,"bump st, press1st, up close 3p, driven btwn far turn, yielded str",Justify,Etching,Paynter,04/05/2022,KY,,,,,Grantley Acres,B,2789402,957666,,,,,,,,,,,,,,,Daily Double,1.00,,29.40,6-3,32417.00,Exacta,1.00,,6.80,3-4,100695.00,Superfecta,.10,,21.24,3-4-6-7,37374.00,Trifecta,.50,,22.45,3-4-6,58459.00,,,,,,,,,,,,,,,,,,,,,,,,,,,,,,,,,,,,,,,,,,,,,,,,,,,,,,,,,,,,,,,,,,,,,,,,,,,,,,,,,,,,,,,,,,
OP,03/22/2026,2,Thoroughbred,8.00,,Dirt,,Main Course,Claiming,NW2     L,,Fillies & mares,3 year olds & up,,41000,32000,32000,,,8,Fast,Clear,1:06,,,,23.750,47.910,73.010,86.390,,99.570,154934,60,,2,2,,,,,,,,,,,,,Don't Look Back,5,M,L,,121,32000,512,1,,5,5.4,,,,,,1,4,4,4,5,,7,7,7,2.10,2.60,3.10,,7.00,10.30,"tracked 2p, weakened",Cipriano,,Contreras,Emmanuel,,Esquivel,,"Contreras Stable, Inc.",,,,,,,,OP,02/26/2026,4,3,"tracked 2p, weakened",Hard Spun,Elope,Gone West,04/26/2021,KY,,,,,"Peter E. Blum Thoroughbreds, LLC",DK B/,150648,956510,,,,,,,,,,,,,,,Daily Double,1.00,,29.40,6-3,32417.00,Exacta,1.00,,6.80,3-4,100695.00,Superfecta,.10,,21.24,3-4-6-7,37374.00,Trifecta,.50,,22.45,3-4-6,58459.00,,,,,,,,,,,,,,,,,,,,,,,,,,,,,,,,,,,,,,,,,,,,,,,,,,,,,,,,,,,,,,,,,,,,,,,,,,,,,,,,,,,,,,,,,,
OP,03/22/2026,2,Thoroughbred,8.00,,Dirt,,Main Course,Claiming,NW2     L,,Fillies & mares,3 year olds & up,,41000,32000,32000,,,8,Fast,Clear,1:06,,,,23.750,47.910,73.010,86.390,,99.570,154934,60,,2,2,,,,,,,,,,,,,Quibble,4,M,L,,121,32000,512,2,,30,56.1,,,,,,2,8,8,8,8,,8,8,8,7.20,7.10,6.70,,9.00,10.80,"trail 3p, never menace",Michael,E.,Lauer,Jane,,Elliott,,Penny S. Lauer,,,,,,,,OP,02/26/2026,4,7,"trailed 3p, never menaced",Dialed In,Prize Winner,Pure Prize,03/03/2022,IN,,,,,Michael E. Lauer & Penny S. Lauer,CH,2997044,1054,,,,,,,,,,,,,,,Daily Double,1.00,,29.40,6-3,32417.00,Exacta,1.00,,6.80,3-4,100695.00,Superfecta,.10,,21.24,3-4-6-7,37374.00,Trifecta,.50,,22.45,3-4-6,58459.00,,,,,,,,,,,,,,,,,,,,,,,,,,,,,,,,,,,,,,,,,,,,,,,,,,,,,,,,,,,,,,,,,,,,,,,,,,,,,,,,,,,,,,,,,,
OP,03/22/2026,3,Thoroughbred,6.00,,Dirt,,Main Course,Starter Allowance,C,,Fillies & mares,4 year olds & up,,60000,50000,,,,7,Fast,Clear,1:37,,,,22.020,45.180,57.240,,,69.530,172731,80,,1,1,,,,,,,,,,,,,True Passion,4,M,L,,118,,36000,5,,4.5,3.1,,,8.2,4,2.8,5,2,2,1,,,1,1,1,.10,,,,,,"2p, cued3/16, kick clr",Lonnie,,Briley,Joseph,C.,Bealmear,,Norman Stables LLC,,,,,,,,ELP,08/11/2025,6,3,"prominent, command in hand 2p 3/8, roused3/16, kicked clear",Audible,Fortune Pearl,Mineshaft,01/27/2022,KY,,,,,"SF Bloodstock, LLC & Hartwell Farm Inc.",B,174036,10838,,,,,,,,,,,,,,,Pick 3,1.00,3,111.90,6-3-5,29664.00,Daily Double,1.00,,12.10,3-5,17546.00,Exacta,1.00,,22.40,5-6,102571.00,Superfecta,.10,,39.59,5-6-3-1,32034.00,Trifecta,.50,,34.50,5-6-3,52094.00,,,,,,,,,,,,,,,,,,,,,,,,,,,,,,,,,,,,,,,,,,,,,,,,,,,,,,,,,,,,,,,,,,,,,,,,,,,,,,,,,,,,
OP,03/22/2026,3,Thoroughbred,6.00,,Dirt,,Main Course,Starter Allowance,C,,Fillies & mares,4 year olds & up,,60000,50000,,,,7,Fast,Clear,1:37,,,,22.020,45.180,57.240,,,69.530,172731,80,,1,1,,,,,,,,,,,,,Tizntshelovely,4,M,L,,124,,12000,6,,3,5.7,,,,6.2,3,6,4,4,5,,,2,2,2,1.70,3.60,,,4.00,5.50,"4-3p,kept on,edged plc",Dallas,,Stewart,Cristian,A.,Torres,,"On Our Own Stable LLC and Stewart, Dallas",,,,,,,,OP,02/13/2026,3,1,"stalk 4p, coaxed along 3p turn, kept on 4p lane, edged out place",Tiz the Law,Sense of Grace,Street Sense,02/23/2022,KY,,,,,"Peak Thoroughbreds, LLC",DK B/,158863,135878,,,,,,,,,,,,,,,Pick 3,1.00,3,111.90,6-3-5,29664.00,Daily Double,1.00,,12.10,3-5,17546.00,Exacta,1.00,,22.40,5-6,102571.00,Superfecta,.10,,39.59,5-6-3-1,32034.00,Trifecta,.50,,34.50,5-6-3,52094.00,,,,,,,,,,,,,,,,,,,,,,,,,,,,,,,,,,,,,,,,,,,,,,,,,,,,,,,,,,,,,,,,,,,,,,,,,,,,,,,,,,,,
OP,03/22/2026,3,Thoroughbred,6.00,,Dirt,,Main Course,Starter Allowance,C,,Fillies & mares,4 year olds & up,,60000,50000,,,,7,Fast,Clear,1:37,,,,22.020,45.180,57.240,,,69.530,172731,80,,1,1,,,,,,,,,,,,,Shanett,4,M,L,,124,,6000,3,,3.5,1.6,Y,,,,2.4,3,1,3,2,,,3,3,3,.20,2.00,,,4.50,6.25,"2p, btwn turn, evenly",S.,Jade,Cunningham,Francisco,,Arrieta,,"Finegan, Randy, Ametrano, Joseph, Veal, Mitchell and Thorne, Robert",,,,,,,,OP,02/20/2026,7,4,"up close 2p, pushed along between turn, finished evenly stretch",McKinzie,Gold Beach,Tapit,02/28/2022,KY,,,,,Hunter Valley Farm,B,148561,974915,,,,,,,,,,,,,,,Pick 3,1.00,3,111.90,6-3-5,29664.00,Daily Double,1.00,,12.10,3-5,17546.00,Exacta,1.00,,22.40,5-6,102571.00,Superfecta,.10,,39.59,5-6-3-1,32034.00,Trifecta,.50,,34.50,5-6-3,52094.00,,,,,,,,,,,,,,,,,,,,,,,,,,,,,,,,,,,,,,,,,,,,,,,,,,,,,,,,,,,,,,,,,,,,,,,,,,,,,,,,,,,,
OP,03/22/2026,3,Thoroughbred,6.00,,Dirt,,Main Course,Starter Allowance,C,,Fillies & mares,4 year olds & up,,60000,50000,,,,7,Fast,Clear,1:37,,,,22.020,45.180,57.240,,,69.530,172731,80,,1,1,,,,,,,,,,,,,Well Aware,4,M,L,Blinkers,124,,3000,1,,15,16.6,,,,,,1,6,5,6,,,6,4,4,2.70,4.60,,,7.00,7.50,"bmp st,2p,cue5/16,flat",Chris,A.,Hartman,Keith,J.,Asmussen,,JD Thoroughbreds LLC,,,,,,,,OP,02/20/2026,7,6,"bump st, track 2p, roused 5/16, flattened",City of Light,Inside Story,Alternation,01/21/2022,KY,,,,,Jerry L. Romans,B,168392,235027,,,,,,,,,,,,,,,Pick 3,1.00,3,111.90,6-3-5,29664.00,Daily Double,1.00,,12.10,3-5,17546.00,Exacta,1.00,,22.40,5-6,102571.00,Superfecta,.10,,39.59,5-6-3-1,32034.00,Trifecta,.50,,34.50,5-6-3,52094.00,,,,,,,,,,,,,,,,,,,,,,,,,,,,,,,,,,,,,,,,,,,,,,,,,,,,,,,,,,,,,,,,,,,,,,,,,,,,,,,,,,,,
OP,03/22/2026,3,Thoroughbred,6.00,,Dirt,,Main Course,Starter Allowance,C,,Fillies & mares,4 year olds & up,,60000,50000,,,,7,Fast,Clear,1:37,,,,22.020,45.180,57.240,,,69.530,172731,80,,1,1,,,,,,,,,,,,,Baytown Butterfly,4,M,L,,121,,1000,4,,2.5,5,,,,,,4,3,6,4,,,4,5,5,2.80,2.60,,,5.50,7.75,"3-5p, asked 3/8, faded",Peter,,Miller,Ramon,A.,Vazquez,,Brent J. Malmstrom,,,,,,,,OP,12/28/2025,8,4,"rated 3p, asked 3/8, faded 5p lane",Omaha Beach,Atala,Stormy Atlantic,04/25/2022,KY,,,,,Don Alberto Corporation,B,100175,1257,,,,,,,,,,,,,,,Pick 3,1.00,3,111.90,6-3-5,29664.00,Daily Double,1.00,,12.10,3-5,17546.00,Exacta,1.00,,22.40,5-6,102571.00,Superfecta,.10,,39.59,5-6-3-1,32034.00,Trifecta,.50,,34.50,5-6-3,52094.00,,,,,,,,,,,,,,,,,,,,,,,,,,,,,,,,,,,,,,,,,,,,,,,,,,,,,,,,,,,,,,,,,,,,,,,,,,,,,,,,,,,,
OP,03/22/2026,3,Thoroughbred,6.00,,Dirt,,Main Course,Starter Allowance,C,,Fillies & mares,4 year olds & up,,60000,50000,,,,7,Fast,Clear,1:37,,,,22.020,45.180,57.240,,,69.530,172731,80,,1,1,,,,,,,,,,,,,Moon Over Choctaw,4,M,L,Blinkers,118,,1000,7,,4,6.3,,,,,,7,7,7,7,,,7,6,6,4.80,6.60,,,9.50,8.00,"3p, 6p upper, no bid",Philip,,D'Amato,Rafael,,Bejarano,,Rockin Robin Racing Stables,,,,,,,,OP,12/28/2025,7,6,"trail 3p, driven around turn, angle 6p upper stretch, no threat",Malibu Moon,Cash Is Queen,Unbridled's Song,02/26/2022,KY,,,,,Gil Masters,B,102032,277836,,,,,,,,,,,,,,,Pick 3,1.00,3,111.90,6-3-5,29664.00,Daily Double,1.00,,12.10,3-5,17546.00,Exacta,1.00,,22.40,5-6,102571.00,Superfecta,.10,,39.59,5-6-3-1,32034.00,Trifecta,.50,,34.50,5-6-3,52094.00,,,,,,,,,,,,,,,,,,,,,,,,,,,,,,,,,,,,,,,,,,,,,,,,,,,,,,,,,,,,,,,,,,,,,,,,,,,,,,,,,,,,
OP,03/22/2026,3,Thoroughbred,6.00,,Dirt,,Main Course,Starter Allowance,C,,Fillies & mares,4 year olds & up,,60000,50000,,,,7,Fast,Clear,1:37,,,,22.020,45.180,57.240,,,69.530,172731,80,,1,1,,,,,,,,,,,,,Up the Creek,5,M,L,,118,,1000,2,,15,12.2,,,,,,2,5,1,3,,,5,7,7,,2.10,,,6.00,8.75,"bump st, ins, gave way",Matt,,Williams,Emmanuel,,Esquivel,,"D and D Racing, Delta Dawn Stables, LLC, Outchunda Farms, LLC and Sauganash Stab",,,,,,,,OP,03/14/2026,7,7,"bump st, early pace, lost lead inside 3/8, gave way stretch",Upstart,Clearwater,Paynter,03/29/2021,KY,,,,,Mr. & Mrs. Duncan Lloyd,B,150648,245538,,,,,,,,,,,,,,,Pick 3,1.00,3,111.90,6-3-5,29664.00,Daily Double,1.00,,12.10,3-5,17546.00,Exacta,1.00,,22.40,5-6,102571.00,Superfecta,.10,,39.59,5-6-3-1,32034.00,Trifecta,.50,,34.50,5-6-3,52094.00,,,,,,,,,,,,,,,,,,,,,,,,,,,,,,,,,,,,,,,,,,,,,,,,,,,,,,,,,,,,,,,,,,,,,,,,,,,,,,,,,,,,
OP,03/22/2026,4,Thoroughbred,6.00,,Dirt,,Main Course,Claiming,C,,Fillies & mares,4 year olds & up,,31000,12500,12500,,,8,Fast,Clear,2:08,,,,22.060,46.270,58.470,,,70.820,223325,80,,1,1,,,,,,,,,,,,,Smart With Heart,,,,,,,,,,,,,,,,,,,,,,,,,,,,,,,,,,,,,,,,,,,,,,Y,Trainer,,,,,,,,,,,,,,,,,,,,,,,,,,,,,,,,,Pick 3,1.00,3,43.80,3-5-3/8,14782.00,Daily Double,1.00,,17.10,5-8,18160.00,Exacta,1.00,,10.50,8-2,160440.00,Superfecta,.10,,8.91,8-2-6-1,57474.00,Trifecta,.50,,15.15,8-2-6,86013.00,,,,,,,,,,,,,,,,,,,,,,,,,,,,,,,,,,,,,,,,,,,,,,,,,,,,,,,,,,,,,,,,,,,,,,,,,,,,,,,,,,,,
OP,03/22/2026,4,Thoroughbred,6.00,,Dirt,,Main Course,Claiming,C,,Fillies & mares,4 year olds & up,,31000,12500,12500,,,8,Fast,Clear,2:08,,,,22.060,46.270,58.470,,,70.820,223325,80,,1,1,,,,,,,,,,,,,Abitibi,7,M,L,Blinkers,118,12500,18600,8,,3,2.1,Y,,6.2,3.6,2.8,8,5,5,2,,,1,1,1,1.20,.50,,,,,"4-3p,bid1/4,edge clear",Peter,,Miller,Ramon,A.,Vazquez,,Starry Night Racing,Y,Thomas,H.,Swearingen,Pam Am Racing,,,OP,02/21/2026,7,9,"stalk 4p, loomed 5/16, bid1/4, roused 3p 3/16, led1/8, edge clear",Skipshot,Stupefaction,Elusive Quality,01/31/2019,KY,,1,,,Olympia Star,B,100175,1257,,,,,,,,,,,,,,,Pick 3,1.00,3,43.80,3-5-3/8,14782.00,Daily Double,1.00,,17.10,5-8,18160.00,Exacta,1.00,,10.50,8-2,160440.00,Superfecta,.10,,8.91,8-2-6-1,57474.00,Trifecta,.50,,15.15,8-2-6,86013.00,,,,,,,,,,,,,,,,,,,,,,,,,,,,,,,,,,,,,,,,,,,,,,,,,,,,,,,,,,,,,,,,,,,,,,,,,,,,,,,,,,,,
OP,03/22/2026,4,Thoroughbred,6.00,,Dirt,,Main Course,Claiming,C,,Fillies & mares,4 year olds & up,,31000,12500,12500,,,8,Fast,Clear,2:08,,,,22.060,46.270,58.470,,,70.820,223325,80,,1,1,,,,,,,,,,,,,First Hill,6,M,L,Front Wraps,118,12500,6200,2,,15,2.4,,,,3.4,2.6,1,2,1,1,,,2,2,2,,,,,.10,1.75,"ins, cued1/4, 2nd best",John,,Haran,Walter,,De La Cruz,,"Haran Thoroughbreds LLC and Brittingham, Carl",,,,,,,,OP,02/21/2026,7,8,"pace inside, wait turn, roused 1/4, lost lead before1/8, clear2nd",West Coast,Singlet,Real Quiet,04/15/2020,KY,,,,,Shortleaf Stable,DK B/,147792,279563,,,,,,,,,,,,,,,Pick 3,1.00,3,43.80,3-5-3/8,14782.00,Daily Double,1.00,,17.10,5-8,18160.00,Exacta,1.00,,10.50,8-2,160440.00,Superfecta,.10,,8.91,8-2-6-1,57474.00,Trifecta,.50,,15.15,8-2-6,86013.00,,,,,,,,,,,,,,,,,,,,,,,,,,,,,,,,,,,,,,,,,,,,,,,,,,,,,,,,,,,,,,,,,,,,,,,,,,,,,,,,,,,,
OP,03/22/2026,4,Thoroughbred,6.00,,Dirt,,Main Course,Claiming,C,,Fillies & mares,4 year olds & up,,31000,12500,12500,,,8,Fast,Clear,2:08,,,,22.060,46.270,58.470,,,70.820,223325,80,,1,1,,,,,,,,,,,,,Tartaria,4,M,L,,121,12500,3100,6,,3.5,4.5,,,,,3,6,6,6,5,,,3,3,3,3.20,1.70,,,3.10,6.00,"bump st,3-4p,even lane",Steven,M.,Asmussen,Erik,,Asmussen,,Steven M. Asmussen,Y,Casey,,Schleis,Kenton Christensen & Galen Walters,,,OP,03/08/2026,6,5,"bump st, chased 3p, ranged up under coaxing 4p 1/4, evenly lane",Mo Town,Five Songs,Forestry,05/08/2022,KY,,4,,,Steven S. Davis,B,174049,5621,,,,,,,,,,,,,,,Pick 3,1.00,3,43.80,3-5-3/8,14782.00,Daily Double,1.00,,17.10,5-8,18160.00,Exacta,1.00,,10.50,8-2,160440.00,Superfecta,.10,,8.91,8-2-6-1,57474.00,Trifecta,.50,,15.15,8-2-6,86013.00,,,,,,,,,,,,,,,,,,,,,,,,,,,,,,,,,,,,,,,,,,,,,,,,,,,,,,,,,,,,,,,,,,,,,,,,,,,,,,,,,,,,
OP,03/22/2026,4,Thoroughbred,6.00,,Dirt,,Main Course,Claiming,C,,Fillies & mares,4 year olds & up,,31000,12500,12500,,,8,Fast,Clear,2:08,,,,22.060,46.270,58.470,,,70.820,223325,80,,1,1,,,,,,,,,,,,,Riobella,6,M,L,Front Wraps,118,12500,1550,1A,A,2.5,3.6,,,,,,3,7,7,7,,,4,4,4,3.30,3.70,,,6.10,7.50,"2p5/16,4p1/4,no close",Kim,A.,Puhl,Israel,,Hernandez,,Gene Burkholder,,,,,,,,OP,02/27/2026,5,8,"rated inside, pushed along 2p turn, angled 4p turn, no final bid",Union Rags,Riboletti,Distorted Humor,02/22/2020,KY,,,,,"Three Chimneys Farm, LLC",B,149814,1503,,,,,,,,,,,,,,,Pick 3,1.00,3,43.80,3-5-3/8,14782.00,Daily Double,1.00,,17.10,5-8,18160.00,Exacta,1.00,,10.50,8-2,160440.00,Superfecta,.10,,8.91,8-2-6-1,57474.00,Trifecta,.50,,15.15,8-2-6,86013.00,,,,,,,,,,,,,,,,,,,,,,,,,,,,,,,,,,,,,,,,,,,,,,,,,,,,,,,,,,,,,,,,,,,,,,,,,,,,,,,,,,,,
OP,03/22/2026,4,Thoroughbred,6.00,,Dirt,,Main Course,Claiming,C,,Fillies & mares,4 year olds & up,,31000,12500,12500,,,8,Fast,Clear,2:08,,,,22.060,46.270,58.470,,,70.820,223325,80,,1,1,,,,,,,,,,,,,Rodeo Star,4,M,L,Blinkers,118,12500,388,5,,12,41.7,,,,,,5,8,8,8,,,6,5,5,5.30,4.70,,,7.60,9.00,"brk out bmp,3p,6p lane",Ilkay,,Kantarmaci,David,,Cohen,,"Kantarmaci, Ilkay, Celeritas Racing LLC and America's Pastime Stables",,,,,,,,OP,02/28/2026,1,6,"broke out bump, trail 3p, ridden turn, fanned 6p lane, no impact",Redesdale,I'm a Bird,Andromeda's Hero,04/23/2022,NY,,,,,Kaylee M. Platt,CH,111066,960213,,,,,,,,,,,,,,,Pick 3,1.00,3,43.80,3-5-3/8,14782.00,Daily Double,1.00,,17.10,5-8,18160.00,Exacta,1.00,,10.50,8-2,160440.00,Superfecta,.10,,8.91,8-2-6-1,57474.00,Trifecta,.50,,15.15,8-2-6,86013.00,,,,,,,,,,,,,,,,,,,,,,,,,,,,,,,,,,,,,,,,,,,,,,,,,,,,,,,,,,,,,,,,,,,,,,,,,,,,,,,,,,,,
OP,03/22/2026,4,Thoroughbred,6.00,,Dirt,,Main Course,Claiming,C,,Fillies & mares,4 year olds & up,,31000,12500,12500,,,8,Fast,Clear,2:08,,,,22.060,46.270,58.470,,,70.820,223325,80,,1,1,,,,,,,,,,,,,Collected Glory,6,M,L,,118,12500,388,1,A,2.5,3.6,,,,,,2,1,3,6,,,5,6,6,.60,2.20,,,6.60,9.50,"2p, rail turn, yielded",William,N.,Martin,Cristian,A.,Torres,,Gene Burkholder,Y,McLean,,Robertson,John Mentz,,,OP,02/27/2026,5,3,"press 2p, lost ground along rail turn, yielded stretch",Collected,Conkate,Exchange Rate,03/01/2020,KY,,1,,,Martha Buckner & Matthew Ernst,GR/RO,158863,235710,,,,,,,,,,,,,,,Pick 3,1.00,3,43.80,3-5-3/8,14782.00,Daily Double,1.00,,17.10,5-8,18160.00,Exacta,1.00,,10.50,8-2,160440.00,Superfecta,.10,,8.91,8-2-6-1,57474.00,Trifecta,.50,,15.15,8-2-6,86013.00,,,,,,,,,,,,,,,,,,,,,,,,,,,,,,,,,,,,,,,,,,,,,,,,,,,,,,,,,,,,,,,,,,,,,,,,,,,,,,,,,,,,
OP,03/22/2026,4,Thoroughbred,6.00,,Dirt,,Main Course,Claiming,C,,Fillies & mares,4 year olds & up,,31000,12500,12500,,,8,Fast,Clear,2:08,,,,22.060,46.270,58.470,,,70.820,223325,80,,1,1,,,,,,,,,,,,,St. Albans Raid,4,M,L,,114,12500,387,7,,6,13.8,,,,,,7,4,4,4,,,7,7,7,1.10,1.60,,,11.60,19.50,"up close btwn3p, yield",Robert,A.,Young,Ronnie,,Huckaby,Apprentice Type 2 (7 lbs),Gentry Farms (A.P. Gentry),,,,,,,,OP,02/08/2026,5,10,"up close btwn 3p, gave way",Global Campaign,War of the States,Bodemeister,04/07/2022,KY,,,,,Paul Tackett Revocable Trust,DK B/,176022,6514,,,,,,,,,,,,,,,Pick 3,1.00,3,43.80,3-5-3/8,14782.00,Daily Double,1.00,,17.10,5-8,18160.00,Exacta,1.00,,10.50,8-2,160440.00,Superfecta,.10,,8.91,8-2-6-1,57474.00,Trifecta,.50,,15.15,8-2-6,86013.00,,,,,,,,,,,,,,,,,,,,,,,,,,,,,,,,,,,,,,,,,,,,,,,,,,,,,,,,,,,,,,,,,,,,,,,,,,,,,,,,,,,,
OP,03/22/2026,4,Thoroughbred,6.00,,Dirt,,Main Course,Claiming,C,,Fillies & mares,4 year olds & up,,31000,12500,12500,,,8,Fast,Clear,2:08,,,,22.060,46.270,58.470,,,70.820,223325,80,,1,1,,,,,,,,,,,,,Highly Creative,6,M,L,,113,12500,387,4,,4.5,8.1,,,,,,4,3,2,3,,,8,8,8,.50,1.50,,,13.60,25.25,"prompted btwn, retreat",Thomas,L.,Van Berg,Amir,,Mendoza,Apprentice Type 1 (5 lbs),"Lewis E. Mathews, Jr.",,,,,,,,BTP,10/03/2024,6,2,"prompted pace between foes, retreated",Creative Cause,High Dollar Woman,Super Saver,02/07/2020,KY,,,,,"Baron Thoroughbreds, LLC",GR/RO,3213006,162541,,,,,,,,,,,,,,,Pick 3,1.00,3,43.80,3-5-3/8,14782.00,Daily Double,1.00,,17.10,5-8,18160.00,Exacta,1.00,,10.50,8-2,160440.00,Superfecta,.10,,8.91,8-2-6-1,57474.00,Trifecta,.50,,15.15,8-2-6,86013.00,,,,,,,,,,,,,,,,,,,,,,,,,,,,,,,,,,,,,,,,,,,,,,,,,,,,,,,,,,,,,,,,,,,,,,,,,,,,,,,,,,,,
OP,03/22/2026,5,Thoroughbred,6.00,,Dirt,,Main Course,Maiden Claiming,,,Fillies & mares,3 year olds & up,,48000,40000,40000,,,7,Fast,Clear,2:39,,,,22.270,45.870,58.430,,,71.190,185557,80,,1,1,,,,,,,,,,,,,Lovely Words,4,M,L,Hood,124,40000,28800,6,,4,3.3,,,8.6,3.8,3,6,1,2,2,,,1,1,1,.10,.10,,,,,"btw2p5/16,float5p lane",John,Alexander,Ortiz,Danilo,,Grisales Rave,,Rags Racing Stable LLC,,,,,,,,OP,03/06/2026,8,8,"dueled 3p, roused btwn 2p 5/16, led float 5p top lane, forged clr",Thousand Words,Orca,Mizzen Mast,04/18/2022,KY,,,,,Torie D. Gladwell & Daniel S Mallory,DK B/,2789402,957666,,,,,,,,,,,,,,,Pick 3,1.00,3,74.50,5-3/8-6,20063.00,Pick 4,.50,4,118.10,3-5-3/8-6,84969.00,Pick 5,.50,5,833.80,6-3-5-3/8-6,157270.00,Daily Double,1.00,,17.30,8-6,22682.00,Exacta,1.00,,10.80,6-4,122188.00,Superfecta,.10,,32.01,6-4-5-3,45027.00,Trifecta,.50,,36.80,6-4-5,66794.00,,,,,,,,,,,,,,,,,,,,,,,,,,,,,,,,,,,,,,,,,,,,,,,,,,,,,,,,,,,,,,,,,,,,,,,,
OP,03/22/2026,5,Thoroughbred,6.00,,Dirt,,Main Course,Maiden Claiming,,,Fillies & mares,3 year olds & up,,48000,40000,40000,,,7,Fast,Clear,2:39,,,,22.270,45.870,58.430,,,71.190,185557,80,,1,1,,,,,,,,,,,,,With Kindness,4,M,L,Blinkers,124,40000,9600,4,,3,1.6,Y,,,3.2,2.6,4,3,5,5,,,2,2,2,.80,1.20,,,1.00,1.50,"btw2-3p,cue5/16,ran on",Aaron,,Shorter,Ramon,A.,Vazquez,,Amaty Racing Stables,,,,,,,,OP,02/16/2026,2,3,"track btwn 2p, cued 5/16, ran on 3p stretch for place",Spun to Run,Aggregator,Graydar,03/16/2022,FL,,,,,Elizabeth LaPierre & Jennifer Given,B,100175,271997,,,,,,,,,,,,,,,Pick 3,1.00,3,74.50,5-3/8-6,20063.00,Pick 4,.50,4,118.10,3-5-3/8-6,84969.00,Pick 5,.50,5,833.80,6-3-5-3/8-6,157270.00,Daily Double,1.00,,17.30,8-6,22682.00,Exacta,1.00,,10.80,6-4,122188.00,Superfecta,.10,,32.01,6-4-5-3,45027.00,Trifecta,.50,,36.80,6-4-5,66794.00,,,,,,,,,,,,,,,,,,,,,,,,,,,,,,,,,,,,,,,,,,,,,,,,,,,,,,,,,,,,,,,,,,,,,,,,
OP,03/22/2026,5,Thoroughbred,6.00,,Dirt,,Main Course,Maiden Claiming,,,Fillies & mares,3 year olds & up,,48000,40000,40000,,,7,Fast,Clear,2:39,,,,22.270,45.870,58.430,,,71.190,185557,80,,1,1,,,,,,,,,,,,,Ye Ole Joker,4,M,L,Front Wraps,124,40000,4800,5,,10,12.9,,,,,4.6,5,6,6,4,,,4,3,3,1.30,.70,,,1.60,2.25,"4p turn,7p upr,kept on",McLean,,Robertson,David,,Cohen,,"Robertson, Hugh H., Mentz, John, and Larson, Jeff",,,,,,,,OP,12/19/2025,1,5,"chased 3p, pushed along 4p turn, range up float 7p lane, kept on",Practical Joke,Thisoleheartofmine,Point of Entry,03/10/2022,KY,,,,,"Hunter Valley Farm, Jay Rice, Keith Lazarz & Pat Barrett",B,111066,40298,,,,,,,,,,,,,,,Pick 3,1.00,3,74.50,5-3/8-6,20063.00,Pick 4,.50,4,118.10,3-5-3/8-6,84969.00,Pick 5,.50,5,833.80,6-3-5-3/8-6,157270.00,Daily Double,1.00,,17.30,8-6,22682.00,Exacta,1.00,,10.80,6-4,122188.00,Superfecta,.10,,32.01,6-4-5-3,45027.00,Trifecta,.50,,36.80,6-4-5,66794.00,,,,,,,,,,,,,,,,,,,,,,,,,,,,,,,,,,,,,,,,,,,,,,,,,,,,,,,,,,,,,,,,,,,,,,,,
OP,03/22/2026,5,Thoroughbred,6.00,,Dirt,,Main Course,Maiden Claiming,,,Fillies & mares,3 year olds & up,,48000,40000,40000,,,7,Fast,Clear,2:39,,,,22.270,45.870,58.430,,,71.190,185557,80,,1,1,,,,,,,,,,,,,Raging Current,3,F,L,Blinkers,119,40000,2400,3,,8,14,,,,,,3,2,1,1,,,3,4,4,,,,,1.10,4.25,"vie ins-2p,fade fnl1/8",Dallas,,Stewart,Jaime,A.,Torres,,Holy Cow Stable LLC,,,,,,,,FG,02/13/2026,5,6,"vied inside, roused into turn, fought on 2p upper, fade final 1/8",Good Magic,Acqua Fresh (URU),Ecclesiastic,03/01/2023,KY,,,,,Michael J. Snyder & LNJ Foxwoods,DK B/,171770,135878,,,,,,,,,,,,,,,Pick 3,1.00,3,74.50,5-3/8-6,20063.00,Pick 4,.50,4,118.10,3-5-3/8-6,84969.00,Pick 5,.50,5,833.80,6-3-5-3/8-6,157270.00,Daily Double,1.00,,17.30,8-6,22682.00,Exacta,1.00,,10.80,6-4,122188.00,Superfecta,.10,,32.01,6-4-5-3,45027.00,Trifecta,.50,,36.80,6-4-5,66794.00,,,,,,,,,,,,,,,,,,,,,,,,,,,,,,,,,,,,,,,,,,,,,,,,,,,,,,,,,,,,,,,,,,,,,,,,
OP,03/22/2026,5,Thoroughbred,6.00,,Dirt,,Main Course,Maiden Claiming,,,Fillies & mares,3 year olds & up,,48000,40000,40000,,,7,Fast,Clear,2:39,,,,22.270,45.870,58.430,,,71.190,185557,80,,1,1,,,,,,,,,,,,,She's Honed In,3,F,L,,119,40000,800,7,,3.5,4.9,,,,,,7,4,3,3,,,5,5,5,.20,.60,,,2.10,4.50,"4p, bid 5/16, flatten",Steve,,Manley,Cristian,A.,Torres,,Wendell Yates,Y,Cipriano,,Contreras,"Contreras Stable, Inc. and Coach's Stable, LLC",,,CNL,08/28/2025,6,6,"stalk 4p, roused bid 5/16, flattened final 1/8",Dialed In,Super Sabre,Super Saver,02/27/2023,KY,,1,,,Atlas Farm LLC,DK B/,158863,21324,,,,,,,,,,,,,,,Pick 3,1.00,3,74.50,5-3/8-6,20063.00,Pick 4,.50,4,118.10,3-5-3/8-6,84969.00,Pick 5,.50,5,833.80,6-3-5-3/8-6,157270.00,Daily Double,1.00,,17.30,8-6,22682.00,Exacta,1.00,,10.80,6-4,122188.00,Superfecta,.10,,32.01,6-4-5-3,45027.00,Trifecta,.50,,36.80,6-4-5,66794.00,,,,,,,,,,,,,,,,,,,,,,,,,,,,,,,,,,,,,,,,,,,,,,,,,,,,,,,,,,,,,,,,,,,,,,,,
OP,03/22/2026,5,Thoroughbred,6.00,,Dirt,,Main Course,Maiden Claiming,,,Fillies & mares,3 year olds & up,,48000,40000,40000,,,7,Fast,Clear,2:39,,,,22.270,45.870,58.430,,,71.190,185557,80,,1,1,,,,,,,,,,,,,Suitefourfourthree,4,M,L,,124,40000,800,1,,4.5,6.1,,,,,,1,7,7,7,,,6,6,6,3.80,4.30,,,5.10,8.25,"slow st,3p,swung6p str",Greg,,Compton,Abel,,Cedillo,,"Brown, Danny, Brown, Charis and Compton Racing, LLC",,,,,,,,OP,03/06/2026,8,6,"slow st, trailed 3p, driven turn, swung 6p stretch, not threaten",Union Rags,Warranty,Artie Schiller,04/29/2022,KY,,,,,Machmer Hall,DK B/,136123,249290,,,,,,,,,,,,,,,Pick 3,1.00,3,74.50,5-3/8-6,20063.00,Pick 4,.50,4,118.10,3-5-3/8-6,84969.00,Pick 5,.50,5,833.80,6-3-5-3/8-6,157270.00,Daily Double,1.00,,17.30,8-6,22682.00,Exacta,1.00,,10.80,6-4,122188.00,Superfecta,.10,,32.01,6-4-5-3,45027.00,Trifecta,.50,,36.80,6-4-5,66794.00,,,,,,,,,,,,,,,,,,,,,,,,,,,,,,,,,,,,,,,,,,,,,,,,,,,,,,,,,,,,,,,,,,,,,,,,
OP,03/22/2026,5,Thoroughbred,6.00,,Dirt,,Main Course,Maiden Claiming,,,Fillies & mares,3 year olds & up,,48000,40000,40000,,,7,Fast,Clear,2:39,,,,22.270,45.870,58.430,,,71.190,185557,80,,1,1,,,,,,,,,,,,,Nyad,3,F,L,BF,119,40000,800,2,,5,5.8,,,,,,2,5,4,6,,,7,7,7,.70,4.20,,,5.60,12.50,"in range rail, retreat",Cameron,,Milligan,Francisco,,Arrieta,,"Pelzel, Gregory Alan, Milligan, Caleb, Head, Philip Lee and Lear, Buddy",,,,,,,,OP,02/14/2026,4,2,"in range rail, retreated turn",Mineshaft,Roll Your Eyes,Popular,04/06/2023,KY,,,,,"Jason Hall, Stephen Baker, and David Branch",B,148561,977329,,,,,,,,,,,,,,,Pick 3,1.00,3,74.50,5-3/8-6,20063.00,Pick 4,.50,4,118.10,3-5-3/8-6,84969.00,Pick 5,.50,5,833.80,6-3-5-3/8-6,157270.00,Daily Double,1.00,,17.30,8-6,22682.00,Exacta,1.00,,10.80,6-4,122188.00,Superfecta,.10,,32.01,6-4-5-3,45027.00,Trifecta,.50,,36.80,6-4-5,66794.00,,,,,,,,,,,,,,,,,,,,,,,,,,,,,,,,,,,,,,,,,,,,,,,,,,,,,,,,,,,,,,,,,,,,,,,,
OP,03/22/2026,6,Thoroughbred,6.00,,Dirt,,Main Course,Claiming,NW1     6MX,,,4 year olds & up,,35000,16000,16000,,,7,Fast,Clear,3:10,,,,21.770,45.160,57.690,,,70.750,211954,80,,1,1,,,,,,,,,,,,,Plausible Denile,7,G,L,,118,16000,21000,4,,2.5,4.6,,,11.2,4.2,2.6,4,2,7,4,,,4,1,1,3.80,2.70,,,1.70,,"3p turn,6p str,up lat",Greg,,Compton,Ramon,A.,Vazquez,,John Holleman,,,,,,,,OP,02/28/2026,5,3,"off pace, ridden 3p turn, ranged up aim 6p lane, kicked past late",Pioneerof the Nile,Kid Silver,Silver Ghost,02/16/2019,KY,,,Y,Vet,"Jettany Thoroughbred Corp, J.A.G. Racing, Inc & Pioneerof the Nile Syn.",GR/RO,100175,249290,,,,,,,,,,,,,,,Pick 3,1.00,3,92.00,3/8-6-4,12808.00,Daily Double,1.00,,20.80,6-4,16632.00,Exacta,1.00,,15.60,4-5,129976.00,Superfecta,.10,,42.27,4-5-2-6,46348.00,Trifecta,.50,,35.85,4-5-2,72625.00,,,,,,,,,,,,,,,,,,,,,,,,,,,,,,,,,,,,,,,,,,,,,,,,,,,,,,,,,,,,,,,,,,,,,,,,,,,,,,,,,,,,
OP,03/22/2026,6,Thoroughbred,6.00,,Dirt,,Main Course,Claiming,NW1     6MX,,,4 year olds & up,,35000,16000,16000,,,7,Fast,Clear,3:10,,,,21.770,45.160,57.690,,,70.750,211954,80,,1,1,,,,,,,,,,,,,I'm Wide Awake,6,G,L,Front Wraps,118,16000,7000,5,,2,1.6,Y,,,3,2.4,5,5,2,2,,,1,2,2,.10,.10,,,,.50,"bump st, 2-3p, dug in",Timothy,E.,Martin,Cristian,A.,Torres,,"Campbell, Heath Aaron and Campbell, Sheena",Y,Abel,,Ramirez-Rodriguez,Timothy C. Guidry,,,OP,02/28/2026,5,2,"bump st, press 3p, vied 2p turn, dug in 3p stretch, caught late",Laoban,Stella Performance,Trappe Shot,04/15/2020,NY,,3,,,"Southern Equine Stables, LLC",B,158863,1171,,,,,,,,,,,,,,,Pick 3,1.00,3,92.00,3/8-6-4,12808.00,Daily Double,1.00,,20.80,6-4,16632.00,Exacta,1.00,,15.60,4-5,129976.00,Superfecta,.10,,42.27,4-5-2-6,46348.00,Trifecta,.50,,35.85,4-5-2,72625.00,,,,,,,,,,,,,,,,,,,,,,,,,,,,,,,,,,,,,,,,,,,,,,,,,,,,,,,,,,,,,,,,,,,,,,,,,,,,,,,,,,,,
OP,03/22/2026,6,Thoroughbred,6.00,,Dirt,,Main Course,Claiming,NW1     6MX,,,4 year olds & up,,35000,16000,16000,,,7,Fast,Clear,3:10,,,,21.770,45.160,57.690,,,70.750,211954,80,,1,1,,,,,,,,,,,,,Got Thunder,7,G,L,,118,16000,3500,2,,6,3.7,,,,,2.6,2,6,6,6,,,6,3,3,3.70,4.80,,,6.20,1.25,"2p5/16,7p lane,rallied",Trisha,Vance,Duncan,Francisco,,Arrieta,,"Duncan, Kelly G. and Duncan, Trisha Vance",,,,,,,,OP,02/28/2026,5,5,"rated inside, ridden 2p 5/16, angle 7p stretch, rally1/8, up show",Arrogate,Ask the Question,Silver Deputy,05/15/2019,KY,,,Y,Vet,Calumet Farm,GR/RO,148561,972419,,,,,,,,,,,,,,,Pick 3,1.00,3,92.00,3/8-6-4,12808.00,Daily Double,1.00,,20.80,6-4,16632.00,Exacta,1.00,,15.60,4-5,129976.00,Superfecta,.10,,42.27,4-5-2-6,46348.00,Trifecta,.50,,35.85,4-5-2,72625.00,,,,,,,,,,,,,,,,,,,,,,,,,,,,,,,,,,,,,,,,,,,,,,,,,,,,,,,,,,,,,,,,,,,,,,,,,,,,,,,,,,,,
OP,03/22/2026,6,Thoroughbred,6.00,,Dirt,,Main Course,Claiming,NW1     6MX,,,4 year olds & up,,35000,16000,16000,,,7,Fast,Clear,3:10,,,,21.770,45.160,57.690,,,70.750,211954,80,,1,1,,,,,,,,,,,,,Healing Waters,6,G,L,BF,121,16000,1750,6,,15,29.5,,,,,,6,4,5,5,,,5,4,4,3.20,2.80,,,3.20,1.75,"bump st, 3-5p, kept on",John,,Haran,Javier,,Padron-Barcenas,,Haran Thoroughbreds LLC,,,,,,,,OP,02/28/2026,5,7,"bump st, chased 3p, pushed along turn, angled 5p 1/16, kept on",Midnight Lute,French Lick,Malibu Moon,04/21/2020,IN,,,,,"Swifty Farms, Inc",DK B/,162236,279563,,,,,,,,,,,,,,,Pick 3,1.00,3,92.00,3/8-6-4,12808.00,Daily Double,1.00,,20.80,6-4,16632.00,Exacta,1.00,,15.60,4-5,129976.00,Superfecta,.10,,42.27,4-5-2-6,46348.00,Trifecta,.50,,35.85,4-5-2,72625.00,,,,,,,,,,,,,,,,,,,,,,,,,,,,,,,,,,,,,,,,,,,,,,,,,,,,,,,,,,,,,,,,,,,,,,,,,,,,,,,,,,,,
OP,03/22/2026,6,Thoroughbred,6.00,,Dirt,,Main Course,Claiming,NW1     6MX,,,4 year olds & up,,35000,16000,16000,,,7,Fast,Clear,3:10,,,,21.770,45.160,57.690,,,70.750,211954,80,,1,1,,,,,,,,,,,,,Sir Sterling,6,G,L,,121,16000,584,1,,8,9.9,,,,,,1,7,1,1,,,2,5,5,,,,,.10,2.00,"2p-rail,flatnd fnl1/16",Tony,,Rengstorf,Israel,,Hernandez,,Chad Kuehn,,,,,,,,OP,03/07/2026,7,7,"pace 2p, cued rail 3/8, battled on 2p stretch, flatten final 1/16",Sam Lord's Castle,Foxy Felicity,Matt's Broken Vow,05/11/2020,MN,,,,,Chad Kuehn,DK B/,149814,8222,,,,,,,,,,,,,,,Pick 3,1.00,3,92.00,3/8-6-4,12808.00,Daily Double,1.00,,20.80,6-4,16632.00,Exacta,1.00,,15.60,4-5,129976.00,Superfecta,.10,,42.27,4-5-2-6,46348.00,Trifecta,.50,,35.85,4-5-2,72625.00,,,,,,,,,,,,,,,,,,,,,,,,,,,,,,,,,,,,,,,,,,,,,,,,,,,,,,,,,,,,,,,,,,,,,,,,,,,,,,,,,,,,
OP,03/22/2026,6,Thoroughbred,6.00,,Dirt,,Main Course,Claiming,NW1     6MX,,,4 year olds & up,,35000,16000,16000,,,7,Fast,Clear,3:10,,,,21.770,45.160,57.690,,,70.750,211954,80,,1,1,,,,,,,,,,,,,Go West,8,G,L,,118,16000,583,7,,10,7.1,,,,,,7,3,3,3,,,3,6,6,2.10,.20,,,.20,2.25,"4-5p,bid1/4,faded late",Kim,A.,Puhl,Walter,,De La Cruz,,Gene Burkholder,,,,,,,,OP,03/07/2026,7,5,"stalk 4p, bid under coaxing 1/4, fought on 5p lane, faded late",Street Sense,Sushi Empire,Empire Maker,04/06/2018,KY,,,,,"Bonne Chance Farm, LLC",B,147792,1503,,,,,,,,,,,,,,,Pick 3,1.00,3,92.00,3/8-6-4,12808.00,Daily Double,1.00,,20.80,6-4,16632.00,Exacta,1.00,,15.60,4-5,129976.00,Superfecta,.10,,42.27,4-5-2-6,46348.00,Trifecta,.50,,35.85,4-5-2,72625.00,,,,,,,,,,,,,,,,,,,,,,,,,,,,,,,,,,,,,,,,,,,,,,,,,,,,,,,,,,,,,,,,,,,,,,,,,,,,,,,,,,,,
OP,03/22/2026,6,Thoroughbred,6.00,,Dirt,,Main Course,Claiming,NW1     6MX,,,4 year olds & up,,35000,16000,16000,,,7,Fast,Clear,3:10,,,,21.770,45.160,57.690,,,70.750,211954,80,,1,1,,,,,,,,,,,,,Sara's Shaman,6,H,L,,118,16000,583,3,,3.5,4.3,,,,,,3,1,4,7,,,7,7,7,2.20,4.90,,,9.20,7.00,"track rail, retreated",Lane,D.,Johnston,Joseph,C.,Bealmear,,Aaron Wilkey,Y,Ilkay,,Kantarmaci,Ilkay Kantarmaci,,,OP,03/06/2026,6,6,"tracked rail, retreated",Shaman Ghost,Chickasaw Gal,Indian Charlie,02/05/2020,KY,,3,,,"Usquebaugh Stables, LLC",B,174036,974222,,,,,,,,,,,,,,,Pick 3,1.00,3,92.00,3/8-6-4,12808.00,Daily Double,1.00,,20.80,6-4,16632.00,Exacta,1.00,,15.60,4-5,129976.00,Superfecta,.10,,42.27,4-5-2-6,46348.00,Trifecta,.50,,35.85,4-5-2,72625.00,,,,,,,,,,,,,,,,,,,,,,,,,,,,,,,,,,,,,,,,,,,,,,,,,,,,,,,,,,,,,,,,,,,,,,,,,,,,,,,,,,,,
OP,03/22/2026,7,Thoroughbred,8.00,,Dirt,,Main Course,Allowance,C,,Fillies & mares,3 year olds & up,Y,125000,,,,,8,Fast,Clear,3:41,,,,24.320,48.200,72.990,86.270,,99.650,207658,60,,2,2,,,,,,,,,,,,,She's a Dreamer,,,,,,,,,,,,,,,,,,,,,,,,,,,,,,,,,,,,,,,,,,,,,,Y,Trainer,,,,,,,,,,,,,,,,,,,,,,,,,,,,,,,,,Pick 3,1.00,3,330.70,6-4-9,20954.00,Pick 5,.50,5,2896.50,5-3/8-6-4-9,50877.00,Daily Double,1.00,,78.30,4-9,16632.00,Exacta,1.00,,59.80,9-7,130841.00,Superfecta,.10,,78.48,9-7-6-2,60345.00,Trifecta,.50,,158.30,9-7-6,84055.00,,,,,,,,,,,,,,,,,,,,,,,,,,,,,,,,,,,,,,,,,,,,,,,,,,,,,,,,,,,,,,,,,,,,,,,,,,,,,,
OP,03/22/2026,7,Thoroughbred,8.00,,Dirt,,Main Course,Allowance,C,,Fillies & mares,3 year olds & up,Y,125000,,,,,8,Fast,Clear,3:41,,,,24.320,48.200,72.990,86.270,,99.650,207658,60,,2,2,,,,,,,,,,,,,Arr Piratetreasure,5,M,L,Blinkers,119,,75000,9,,10,12.6,,,27.2,10.4,6.4,8,6,2,2,2,,2,1,1,.50,.10,.10,,.10,,"3-4p,btwn1/4,bump1/16",Steven,M.,Asmussen,Keith,J.,Asmussen,,Steven M. Asmussen,,,,,,,,OP,02/20/2026,8,4,"press 3p, cued btwn1/4, dug in 4p lane, bumped1/16, won the bob",Palace Malice,Thatbossanovasound,Blame,04/26/2021,AR,,,,,Max Moss,DK B/,168392,5621,,,,,,,,,,,,,,,Pick 3,1.00,3,330.70,6-4-9,20954.00,Pick 5,.50,5,2896.50,5-3/8-6-4-9,50877.00,Daily Double,1.00,,78.30,4-9,16632.00,Exacta,1.00,,59.80,9-7,130841.00,Superfecta,.10,,78.48,9-7-6-2,60345.00,Trifecta,.50,,158.30,9-7-6,84055.00,,,,,,,,,,,,,,,,,,,,,,,,,,,,,,,,,,,,,,,,,,,,,,,,,,,,,,,,,,,,,,,,,,,,,,,,,,,,,,
OP,03/22/2026,7,Thoroughbred,8.00,,Dirt,,Main Course,Allowance,C,,Fillies & mares,3 year olds & up,Y,125000,,,,,8,Fast,Clear,3:41,,,,24.320,48.200,72.990,86.270,,99.650,207658,60,,2,2,,,,,,,,,,,,,Lady Woopig,5,M,L,BF,122,,25000,7,,4.5,4.3,,,,5,3.8,6,8,6,5,3,,3,2,2,2.70,2.70,.20,,.20,.10,"pinch st,4-6p,bump1/16",Allen,,Milligan,Alexander,,Castillo,,Harry Huson,,,,,,,,OP,03/14/2026,7,5,"pinch st,held up1st,midpack4p,range up1/4,bid6p str,bump1/16,miss",Ransom the Moon,Lady Lucky,Girolamo,02/16/2021,AR,,,,,H. Allen Poindexter,DK B/,150854,165908,,,,,,,,,,,,,,,Pick 3,1.00,3,330.70,6-4-9,20954.00,Pick 5,.50,5,2896.50,5-3/8-6-4-9,50877.00,Daily Double,1.00,,78.30,4-9,16632.00,Exacta,1.00,,59.80,9-7,130841.00,Superfecta,.10,,78.48,9-7-6-2,60345.00,Trifecta,.50,,158.30,9-7-6,84055.00,,,,,,,,,,,,,,,,,,,,,,,,,,,,,,,,,,,,,,,,,,,,,,,,,,,,,,,,,,,,,,,,,,,,,,,,,,,,,,
OP,03/22/2026,7,Thoroughbred,8.00,,Dirt,,Main Course,Allowance,C,,Fillies & mares,3 year olds & up,Y,125000,,,,,8,Fast,Clear,3:41,,,,24.320,48.200,72.990,86.270,,99.650,207658,60,,2,2,,,,,,,,,,,,,Principal Anita,5,M,L,Front Wraps,122,,12500,6,,12,20.4,,,,,8.2,5,2,7,7,5,,4,3,3,3.70,3.80,3.70,,3.20,1.10,"bump st, 4p1/4, 7p1/8",Tammy,,Hornsby,Francisco,,Arrieta,,"Juels, Laura and Hornsby, Taylor",,,,,,,,OP,02/28/2026,11,4,"bump st, rated 5p, driven 4p far turn, angled 7p 1/8, rally late",Mark Valeski,Rita Ann,Big Brown,04/01/2021,AR,,,,,Woody Juels,CH,148561,280613,,,,,,,,,,,,,,,Pick 3,1.00,3,330.70,6-4-9,20954.00,Pick 5,.50,5,2896.50,5-3/8-6-4-9,50877.00,Daily Double,1.00,,78.30,4-9,16632.00,Exacta,1.00,,59.80,9-7,130841.00,Superfecta,.10,,78.48,9-7-6-2,60345.00,Trifecta,.50,,158.30,9-7-6,84055.00,,,,,,,,,,,,,,,,,,,,,,,,,,,,,,,,,,,,,,,,,,,,,,,,,,,,,,,,,,,,,,,,,,,,,,,,,,,,,,
OP,03/22/2026,7,Thoroughbred,8.00,,Dirt,,Main Course,Allowance,C,,Fillies & mares,3 year olds & up,Y,125000,,,,,8,Fast,Clear,3:41,,,,24.320,48.200,72.990,86.270,,99.650,207658,60,,2,2,,,,,,,,,,,,,Caliente Star,4,M,,,119,,6250,2,,1.8,1,Y,,,,,2,3,1,1,1,,1,4,4,,,,,,2.10,"2p-ins,faded final1/16",Ron,,Moquett,Rafael,,Bejarano,,Jama T. Lopez,,,,,,,,OP,02/20/2026,8,2,"pace2p, roused inside 5/16, fought on reluctantly, fade final1/16",Tapiture,Caliente Candy,Sidney's Candy,04/19/2022,AR,,,,,Laurence Jones,B,102032,137778,,,,,,,,,,,,,,,Pick 3,1.00,3,330.70,6-4-9,20954.00,Pick 5,.50,5,2896.50,5-3/8-6-4-9,50877.00,Daily Double,1.00,,78.30,4-9,16632.00,Exacta,1.00,,59.80,9-7,130841.00,Superfecta,.10,,78.48,9-7-6-2,60345.00,Trifecta,.50,,158.30,9-7-6,84055.00,,,,,,,,,,,,,,,,,,,,,,,,,,,,,,,,,,,,,,,,,,,,,,,,,,,,,,,,,,,,,,,,,,,,,,,,,,,,,,
OP,03/22/2026,7,Thoroughbred,8.00,,Dirt,,Main Course,Allowance,C,,Fillies & mares,3 year olds & up,Y,125000,,,,,8,Fast,Clear,3:41,,,,24.320,48.200,72.990,86.270,,99.650,207658,60,,2,2,,,,,,,,,,,,,Lady Astrid,8,M,L,,122,,1563,3,,20,34.7,,,,,,3,1,3,4,6,,5,5,5,.60,1.70,3.80,,4.20,2.35,"2p-ins,lost ground far",Robert,N.,Cline,Kelsi,,Harr,,Robert N. Cline,,,,,,,,OP,02/28/2026,11,7,"track 2p, lost ground under drive turn, stayed on inside lane",Mo for the Money,Came of Age,Include,03/24/2018,AR,,,,,McDowell Farm,B,164312,953418,,,,,,,,,,,,,,,Pick 3,1.00,3,330.70,6-4-9,20954.00,Pick 5,.50,5,2896.50,5-3/8-6-4-9,50877.00,Daily Double,1.00,,78.30,4-9,16632.00,Exacta,1.00,,59.80,9-7,130841.00,Superfecta,.10,,78.48,9-7-6-2,60345.00,Trifecta,.50,,158.30,9-7-6,84055.00,,,,,,,,,,,,,,,,,,,,,,,,,,,,,,,,,,,,,,,,,,,,,,,,,,,,,,,,,,,,,,,,,,,,,,,,,,,,,,
OP,03/22/2026,7,Thoroughbred,8.00,,Dirt,,Main Course,Allowance,C,,Fillies & mares,3 year olds & up,Y,125000,,,,,8,Fast,Clear,3:41,,,,24.320,48.200,72.990,86.270,,99.650,207658,60,,2,2,,,,,,,,,,,,,Gold Strategy,7,M,L,,122,,1563,8,,6,7.6,,,,,,7,7,8,8,7,,6,6,6,5.70,4.80,5.80,,6.20,5.60,"3p,float7p lane,no bid",Dan,,Ward,Abel,,Cedillo,,Brad's Equine Adventure and Equi-Venture Stable,,,,,,,,OP,02/28/2026,8,5,"trailed 3p, driven turn, float 7p into shortened lane, no impact",Street Strategy,Sochi Gold,Big Brown,04/26/2019,AR,,,,,William J. Prichard,GR/RO,136123,3073775,,,,,,,,,,,,,,,Pick 3,1.00,3,330.70,6-4-9,20954.00,Pick 5,.50,5,2896.50,5-3/8-6-4-9,50877.00,Daily Double,1.00,,78.30,4-9,16632.00,Exacta,1.00,,59.80,9-7,130841.00,Superfecta,.10,,78.48,9-7-6-2,60345.00,Trifecta,.50,,158.30,9-7-6,84055.00,,,,,,,,,,,,,,,,,,,,,,,,,,,,,,,,,,,,,,,,,,,,,,,,,,,,,,,,,,,,,,,,,,,,,,,,,,,,,,
OP,03/22/2026,7,Thoroughbred,8.00,,Dirt,,Main Course,Allowance,C,,Fillies & mares,3 year olds & up,Y,125000,,,,,8,Fast,Clear,3:41,,,,24.320,48.200,72.990,86.270,,99.650,207658,60,,2,2,,,,,,,,,,,,,Courtney Fay,8,M,L,,117,,1562,1,,30,68.6,,,,,,1,4,4,6,8,,8,7,7,1.60,2.80,6.30,,6.80,9.10,"off pace rail, faded",Danele,,Durham,Amir,,Mendoza,Apprentice Type 1 (5 lbs),Vinney Pigue,,,,,,,,OP,02/28/2026,1,4,"off pace rail, faded",Birdstone,Hi Heels N Jewels,Purge,03/21/2018,AR,,,,,Margaret D. Power Hawk,B,3213006,237017,,,,,,,,,,,,,,,Pick 3,1.00,3,330.70,6-4-9,20954.00,Pick 5,.50,5,2896.50,5-3/8-6-4-9,50877.00,Daily Double,1.00,,78.30,4-9,16632.00,Exacta,1.00,,59.80,9-7,130841.00,Superfecta,.10,,78.48,9-7-6-2,60345.00,Trifecta,.50,,158.30,9-7-6,84055.00,,,,,,,,,,,,,,,,,,,,,,,,,,,,,,,,,,,,,,,,,,,,,,,,,,,,,,,,,,,,,,,,,,,,,,,,,,,,,,
OP,03/22/2026,7,Thoroughbred,8.00,,Dirt,,Main Course,Allowance,C,,Fillies & mares,3 year olds & up,Y,125000,,,,,8,Fast,Clear,3:41,,,,24.320,48.200,72.990,86.270,,99.650,207658,60,,2,2,,,,,,,,,,,,,Lassie My Girl,6,M,L,Front Wraps,122,,1562,5,,2,3,,,,,,4,5,5,3,4,,7,8,8,1.70,1.60,3.20,,6.70,12.35,"stalked 4-3p, gave way",Melton,,Wilson,David,,Cohen,,Byron Brockman,,,,,,,,EVD,08/29/2025,8,1,"stalk 4p, ridden between 3p far turn, gave way",Double Irish,Robin My Girl,Mutakddim,05/12/2020,AR,,,,,Anderson Farms,DK B/,111066,251748,,,,,,,,,,,,,,,Pick 3,1.00,3,330.70,6-4-9,20954.00,Pick 5,.50,5,2896.50,5-3/8-6-4-9,50877.00,Daily Double,1.00,,78.30,4-9,16632.00,Exacta,1.00,,59.80,9-7,130841.00,Superfecta,.10,,78.48,9-7-6-2,60345.00,Trifecta,.50,,158.30,9-7-6,84055.00,,,,,,,,,,,,,,,,,,,,,,,,,,,,,,,,,,,,,,,,,,,,,,,,,,,,,,,,,,,,,,,,,,,,,,,,,,,,,,
OP,03/22/2026,8,Thoroughbred,8.00,,Dirt,,Main Course,Allowance,NW2     L,,Fillies & mares,3 year olds & up,,125000,,,,,7,Fast,Clear,4:13,,,,23.620,46.960,71.400,84.470,,97.350,217232,60,,2,2,,,,,,,,,,,,,Untamed Moment,4,M,L,,118,,75000,7,,1.4,1.8,,,5.6,3.8,2.4,7,4,2,2,1,,1,1,1,.50,.50,,,,,"press 2p, bid5/16, clr",David,,Fawkes,Ramon,A.,Vazquez,,"Lieblong, Alex and Lieblong, JoAnn",,,,,,,,OP,03/07/2026,5,3,"press2p, bid 5/16, command 2p 3/16, drew clear",Outwork,Wild Moment,Medaglia d'Oro,03/29/2022,KY,,,,,Alex Lieblong & JoAnn Lieblong,DK B/,100175,152622,,,,,,,,,,,,,,,Pick 3,1.00,3,329.10,4-9-7,12808.00,Daily Double,1.00,,53.90,9-7,21335.00,Exacta,1.00,,49.80,7-1,132596.00,Superfecta,.10,,53.17,7-1-2-6,52959.00,Trifecta,.50,,59.15,7-1-2,76766.00,,,,,,,,,,,,,,,,,,,,,,,,,,,,,,,,,,,,,,,,,,,,,,,,,,,,,,,,,,,,,,,,,,,,,,,,,,,,,,,,,,,,
OP,03/22/2026,8,Thoroughbred,8.00,,Dirt,,Main Course,Allowance,NW2     L,,Fillies & mares,3 year olds & up,,125000,,,,,7,Fast,Clear,4:13,,,,23.620,46.960,71.400,84.470,,97.350,217232,60,,2,2,,,,,,,,,,,,,McKinzie's Glory,4,M,L,Blinkers,124,,25000,1,,20,22.3,,,,13.2,4.2,1,2,6,6,6,,3,2,2,7.00,7.10,4.20,,2.50,2.25,"stdy early, 2p, ran on",Sarah,E.,Shaffer,Emmanuel,,Esquivel,,SS Racing Stable LLC,,,,,,,,OP,02/16/2026,2,1,"steady early,wellback 2p,improved far turn, ran on for place",McKinzie,Glory,Tapit,05/13/2022,KY,,,,,Grandview Equine,B,150648,978502,,,,,,,,,,,,,,,Pick 3,1.00,3,329.10,4-9-7,12808.00,Daily Double,1.00,,53.90,9-7,21335.00,Exacta,1.00,,49.80,7-1,132596.00,Superfecta,.10,,53.17,7-1-2-6,52959.00,Trifecta,.50,,59.15,7-1-2,76766.00,,,,,,,,,,,,,,,,,,,,,,,,,,,,,,,,,,,,,,,,,,,,,,,,,,,,,,,,,,,,,,,,,,,,,,,,,,,,,,,,,,,,
OP,03/22/2026,8,Thoroughbred,8.00,,Dirt,,Main Course,Allowance,NW2     L,,Fillies & mares,3 year olds & up,,125000,,,,,7,Fast,Clear,4:13,,,,23.620,46.960,71.400,84.470,,97.350,217232,60,,2,2,,,,,,,,,,,,,Gin's Beach Road,4,M,L,,118,,12500,2,,2.5,1.7,Y,,,,2.4,2,1,1,1,2,,2,3,3,,,.10,,2.00,7.00,"ins, 3p lane, faded",Mark,E.,Casse,Cristian,A.,Torres,,Live Oak Plantation,,,,,,,,OP,02/20/2026,7,2,"pace ins, cued 5/16, lost lead1/4, angled 3p lane, faded to show",Quality Road,Yellow Agate,Gemologist,03/08/2022,KY,,,,,CHC Inc.,B,158863,20416,,,,,,,,,,,,,,,Pick 3,1.00,3,329.10,4-9-7,12808.00,Daily Double,1.00,,53.90,9-7,21335.00,Exacta,1.00,,49.80,7-1,132596.00,Superfecta,.10,,53.17,7-1-2-6,52959.00,Trifecta,.50,,59.15,7-1-2,76766.00,,,,,,,,,,,,,,,,,,,,,,,,,,,,,,,,,,,,,,,,,,,,,,,,,,,,,,,,,,,,,,,,,,,,,,,,,,,,,,,,,,,,
OP,03/22/2026,8,Thoroughbred,8.00,,Dirt,,Main Course,Allowance,NW2     L,,Fillies & mares,3 year olds & up,,125000,,,,,7,Fast,Clear,4:13,,,,23.620,46.960,71.400,84.470,,97.350,217232,60,,2,2,,,,,,,,,,,,,Crimsonite,4,M,L,,121,,6250,6,,5,13.5,,,,,,6,3,4,3,3,,4,4,4,2.00,2.00,1.60,,5.00,11.25,"stalk 3p, yielded lane",Steven,M.,Asmussen,Erik,,Asmussen,,Winchell Thoroughbreds LLC,,,,,,,,OP,02/26/2026,6,8,"stalk 3p, ridden into far turn, yielded stretch",Tapit,Bleeding Heart,Broken Vow,05/29/2022,KY,,,,,"Winchell Thoroughbreds, LLC",GR/RO,174049,5621,,,,,,,,,,,,,,,Pick 3,1.00,3,329.10,4-9-7,12808.00,Daily Double,1.00,,53.90,9-7,21335.00,Exacta,1.00,,49.80,7-1,132596.00,Superfecta,.10,,53.17,7-1-2-6,52959.00,Trifecta,.50,,59.15,7-1-2,76766.00,,,,,,,,,,,,,,,,,,,,,,,,,,,,,,,,,,,,,,,,,,,,,,,,,,,,,,,,,,,,,,,,,,,,,,,,,,,,,,,,,,,,
OP,03/22/2026,8,Thoroughbred,8.00,,Dirt,,Main Course,Allowance,NW2     L,,Fillies & mares,3 year olds & up,,125000,,,,,7,Fast,Clear,4:13,,,,23.620,46.960,71.400,84.470,,97.350,217232,60,,2,2,,,,,,,,,,,,,Bundle,4,M,L,,121,,2084,4,,4,6.9,,,,,,4,5,7,7,7,,6,5,5,11.00,10.10,7.20,,7.50,12.75,"brk in bmp,check1st,3p",Steven,M.,Asmussen,Keith,J.,Asmussen,,Mike G. Rutherford,,,,,,,,FG,01/10/2026,7,7,"broke in bump, squeezed btwn check into 1st, trail 3p, no impact",Volatile,Love and Pride,A.P. Indy,04/25/2022,KY,,,,,"Three Chimneys Farm, LLC",GR/RO,168392,5621,,,,,,,,,,,,,,,Pick 3,1.00,3,329.10,4-9-7,12808.00,Daily Double,1.00,,53.90,9-7,21335.00,Exacta,1.00,,49.80,7-1,132596.00,Superfecta,.10,,53.17,7-1-2-6,52959.00,Trifecta,.50,,59.15,7-1-2,76766.00,,,,,,,,,,,,,,,,,,,,,,,,,,,,,,,,,,,,,,,,,,,,,,,,,,,,,,,,,,,,,,,,,,,,,,,,,,,,,,,,,,,,
OP,03/22/2026,8,Thoroughbred,8.00,,Dirt,,Main Course,Allowance,NW2     L,,Fillies & mares,3 year olds & up,,125000,,,,,7,Fast,Clear,4:13,,,,23.620,46.960,71.400,84.470,,97.350,217232,60,,2,2,,,,,,,,,,,,,Ensorcell,4,M,L,Blinkers,121,,2083,3,,12,12.3,,,,,,3,6,3,4,4,,5,6,6,1.50,2.10,3.60,,6.00,13.50,"bumped st,inside,wknd",Ron,,Moquett,Rafael,,Bejarano,,"Anita Ebert Racing, LLC",,,,,,,,CD,09/14/2025,9,6,"bumped st, track inside, retreated",Not This Time,On Fire Baby,Smoke Glacken,04/25/2022,KY,,,,,"Anita Ebert Breeding, LLC",B,102032,137778,,,,,,,,,,,,,,,Pick 3,1.00,3,329.10,4-9-7,12808.00,Daily Double,1.00,,53.90,9-7,21335.00,Exacta,1.00,,49.80,7-1,132596.00,Superfecta,.10,,53.17,7-1-2-6,52959.00,Trifecta,.50,,59.15,7-1-2,76766.00,,,,,,,,,,,,,,,,,,,,,,,,,,,,,,,,,,,,,,,,,,,,,,,,,,,,,,,,,,,,,,,,,,,,,,,,,,,,,,,,,,,,
OP,03/22/2026,8,Thoroughbred,8.00,,Dirt,,Main Course,Allowance,NW2     L,,Fillies & mares,3 year olds & up,,125000,,,,,7,Fast,Clear,4:13,,,,23.620,46.960,71.400,84.470,,97.350,217232,60,,2,2,,,,,,,,,,,,,Chaching Chaching,5,M,L,Blinkers,118,,2083,5,,12,4.6,,,,,,5,7,5,5,5,,7,7,7,3.00,3.10,3.70,,9.50,27.75,"chased 4path, gave way",Norm,W.,Casse,Francisco,,Arrieta,,Flying P Stable,,,,,,,,OP,12/28/2025,7,7,"chased 4p, gave way",Munnings,Lucy Goosey,Into Mischief,03/11/2021,KY,,,,,Castleton Lyons & Kilboy Estate,GR/RO,148561,962326,,,,,,,,,,,,,,,Pick 3,1.00,3,329.10,4-9-7,12808.00,Daily Double,1.00,,53.90,9-7,21335.00,Exacta,1.00,,49.80,7-1,132596.00,Superfecta,.10,,53.17,7-1-2-6,52959.00,Trifecta,.50,,59.15,7-1-2,76766.00,,,,,,,,,,,,,,,,,,,,,,,,,,,,,,,,,,,,,,,,,,,,,,,,,,,,,,,,,,,,,,,,,,,,,,,,,,,,,,,,,,,,
OP,03/22/2026,9,Thoroughbred,6.00,,Dirt,,Main Course,Maiden Claiming,,,,3 year olds,,38000,32000,28000,,,8,Fast,Clear,4:47,,,,21.980,45.770,58.460,,,71.350,218117,80,,1,1,,,,,,,,,,,,,Phantom Slayer,,,,,,,,,,,,,,,,,,,,,,,,,,,,,,,,,,,,,,,,,,,,,,Y,Trainer,,,,,,,,,,,,,,,,,,,,,,,,,,,,,,,,,Pick 3,3.00,3,747.00,9-7-2,62920.00,Pick 4,.50,4,644.30,4-9-7-2,102481.00,Pick 5,.50,5,3761.45,6-4-9-7-2,138092.00,Classix,1.00,5,67.60,3/8-6-4-9-7-2,6168.00,Classix,1.00,6,1826.70,3/8-6-4-9-7-2,6168.00,Daily Double,5.00,,66.00,7-2,72282.00,Exacta,1.00,,57.70,2-3,147888.00,Superfecta,.10,,162.80,2-3-9-7,58339.00,Trifecta,.50,,101.05,2-3-9,82951.00,,,,,,,,,,,,,,,,,,,,,,,,,,,,,,,,,,,,,,,,,,,,,,,,,,,,,,,,,,,,
OP,03/22/2026,9,Thoroughbred,6.00,,Dirt,,Main Course,Maiden Claiming,,,,3 year olds,,38000,32000,28000,,,8,Fast,Clear,4:47,,,,21.980,45.770,58.460,,,71.350,218117,80,,1,1,,,,,,,,,,,,,Kingscliff,3,G,L,,122,32000,22800,2,,4,5.4,,,12.8,6.8,3.4,2,2,1,1,,,1,1,1,,,,,,,"vied2-3p,cued1/4,clear",Kevin,D.,Martin,Ramon,A.,Vazquez,,Blackmon Racing,,,,,,,,OP,02/22/2026,2,2,"vied, inch away btwn 2p5/16, cued1/4, kick away 3p lane",Candy Ride (ARG),Sunset Wish,Malibu Moon,03/03/2023,KY,,,Y,Vet,Godolphin,B,100175,209203,,,,,,,,,,,,,,,Pick 3,3.00,3,747.00,9-7-2,62920.00,Pick 4,.50,4,644.30,4-9-7-2,102481.00,Pick 5,.50,5,3761.45,6-4-9-7-2,138092.00,Classix,1.00,5,67.60,3/8-6-4-9-7-2,6168.00,Classix,1.00,6,1826.70,3/8-6-4-9-7-2,6168.00,Daily Double,5.00,,66.00,7-2,72282.00,Exacta,1.00,,57.70,2-3,147888.00,Superfecta,.10,,162.80,2-3-9-7,58339.00,Trifecta,.50,,101.05,2-3-9,82951.00,,,,,,,,,,,,,,,,,,,,,,,,,,,,,,,,,,,,,,,,,,,,,,,,,,,,,,,,,,,,
OP,03/22/2026,9,Thoroughbred,6.00,,Dirt,,Main Course,Maiden Claiming,,,,3 year olds,,38000,32000,28000,,,8,Fast,Clear,4:47,,,,21.980,45.770,58.460,,,71.350,218117,80,,1,1,,,,,,,,,,,,,Wadi Al Kouf,3,C,L,Blinkers,122,32000,7600,3,,6,12.2,,,,14,4.8,3,4,4,4,,,3,2,2,.70,1.60,,,4.00,4.75,"3p,float7p upr,kept on",Steven,M.,Asmussen,Erik,,Asmussen,,Tagermeen Racing,,,,,,,,HOU,02/06/2026,3,3,"up close 3p, coaxed along turn, float 7p upper stretch, up place",Charlatan,Mia d'Oro,Medaglia d'Oro,05/18/2023,KY,,,,,Judy Hicks,B,174049,5621,,,,,,,,,,,,,,,Pick 3,3.00,3,747.00,9-7-2,62920.00,Pick 4,.50,4,644.30,4-9-7-2,102481.00,Pick 5,.50,5,3761.45,6-4-9-7-2,138092.00,Classix,1.00,5,67.60,3/8-6-4-9-7-2,6168.00,Classix,1.00,6,1826.70,3/8-6-4-9-7-2,6168.00,Daily Double,5.00,,66.00,7-2,72282.00,Exacta,1.00,,57.70,2-3,147888.00,Superfecta,.10,,162.80,2-3-9-7,58339.00,Trifecta,.50,,101.05,2-3-9,82951.00,,,,,,,,,,,,,,,,,,,,,,,,,,,,,,,,,,,,,,,,,,,,,,,,,,,,,,,,,,,,
OP,03/22/2026,9,Thoroughbred,6.00,,Dirt,,Main Course,Maiden Claiming,,,,3 year olds,,38000,32000,28000,,,8,Fast,Clear,4:47,,,,21.980,45.770,58.460,,,71.350,218117,80,,1,1,,,,,,,,,,,,,Social Climber,3,G,L,Blinkers,122,32000,3800,9,,3.5,1.2,Y,,,,2.2,8,7,3,2,,,2,3,3,.20,.50,,,3.00,5.75,"slow st, 4-5p, flatten",John,Henry,"Prather, Jr.",Rafael,,Bejarano,,"John Henry Prather, Jr.",Y,Allen,,Milligan,Rip Meeks,,,OP,03/05/2026,4,3,"slow st, move up prompt pace 4p, loomed bid1/4, flatten 5p lane",Upstart,Bordeaux Belle,Quality Road,04/11/2023,KY,,2,,,"Curt Leake & Elm Tree Farm , LLC",B,102032,162241,,,,,,,,,,,,,,,Pick 3,3.00,3,747.00,9-7-2,62920.00,Pick 4,.50,4,644.30,4-9-7-2,102481.00,Pick 5,.50,5,3761.45,6-4-9-7-2,138092.00,Classix,1.00,5,67.60,3/8-6-4-9-7-2,6168.00,Classix,1.00,6,1826.70,3/8-6-4-9-7-2,6168.00,Daily Double,5.00,,66.00,7-2,72282.00,Exacta,1.00,,57.70,2-3,147888.00,Superfecta,.10,,162.80,2-3-9-7,58339.00,Trifecta,.50,,101.05,2-3-9,82951.00,,,,,,,,,,,,,,,,,,,,,,,,,,,,,,,,,,,,,,,,,,,,,,,,,,,,,,,,,,,,
OP,03/22/2026,9,Thoroughbred,6.00,,Dirt,,Main Course,Maiden Claiming,,,,3 year olds,,38000,32000,28000,,,8,Fast,Clear,4:47,,,,21.980,45.770,58.460,,,71.350,218117,80,,1,1,,,,,,,,,,,,,Astro Beau,3,G,L,Front Wraps,122,32000,1900,7,,15,17.6,,,,,,6,5,8,7,,,6,4,4,6.80,8.20,,,10.60,9.00,"bump st, 4p, 7p lane",Kim,A.,Puhl,Walter,,De La Cruz,,Gene Burkholder,,,,,,,,OP,02/22/2026,2,5,"bump st, trailed 4p, roused1/4, finished evenly 7p stretch",Beau Liam,Naples Gold,Langfuhr,04/29/2023,OK,,,,,Cimarron TTT Farms,B,147792,1503,,,,,,,,,,,,,,,Pick 3,3.00,3,747.00,9-7-2,62920.00,Pick 4,.50,4,644.30,4-9-7-2,102481.00,Pick 5,.50,5,3761.45,6-4-9-7-2,138092.00,Classix,1.00,5,67.60,3/8-6-4-9-7-2,6168.00,Classix,1.00,6,1826.70,3/8-6-4-9-7-2,6168.00,Daily Double,5.00,,66.00,7-2,72282.00,Exacta,1.00,,57.70,2-3,147888.00,Superfecta,.10,,162.80,2-3-9-7,58339.00,Trifecta,.50,,101.05,2-3-9,82951.00,,,,,,,,,,,,,,,,,,,,,,,,,,,,,,,,,,,,,,,,,,,,,,,,,,,,,,,,,,,,
OP,03/22/2026,9,Thoroughbred,6.00,,Dirt,,Main Course,Maiden Claiming,,,,3 year olds,,38000,32000,28000,,,8,Fast,Clear,4:47,,,,21.980,45.770,58.460,,,71.350,218117,80,,1,1,,,,,,,,,,,,,A Wild Posse,3,G,L,Blinkers,111,28000,475,1,,8,11.7,,,,,,1,1,2,3,,,4,5,5,.10,.60,,,4.10,10.50,"duel ins, yielded lane",H.,Ray,"Ashford, Jr.",Ronnie,,Huckaby,Apprentice Type 2 (7 lbs),James Jorgensen,,,,,,,,OP,03/05/2026,4,5,"dueled inside, roused 5/16, yielded stretch",Caleb's Posse,A Wild Notion,Notional,02/13/2023,OK,,,,,Jim Jorgenson,B,176022,3452,,,,,,,,,,,,,,,Pick 3,3.00,3,747.00,9-7-2,62920.00,Pick 4,.50,4,644.30,4-9-7-2,102481.00,Pick 5,.50,5,3761.45,6-4-9-7-2,138092.00,Classix,1.00,5,67.60,3/8-6-4-9-7-2,6168.00,Classix,1.00,6,1826.70,3/8-6-4-9-7-2,6168.00,Daily Double,5.00,,66.00,7-2,72282.00,Exacta,1.00,,57.70,2-3,147888.00,Superfecta,.10,,162.80,2-3-9-7,58339.00,Trifecta,.50,,101.05,2-3-9,82951.00,,,,,,,,,,,,,,,,,,,,,,,,,,,,,,,,,,,,,,,,,,,,,,,,,,,,,,,,,,,,
OP,03/22/2026,9,Thoroughbred,6.00,,Dirt,,Main Course,Maiden Claiming,,,,3 year olds,,38000,32000,28000,,,8,Fast,Clear,4:47,,,,21.980,45.770,58.460,,,71.350,218117,80,,1,1,,,,,,,,,,,,,Into Battle,3,G,L,,122,32000,475,6,,12,11.1,,,,,,5,6,6,5,,,5,6,6,3.70,4.60,,,7.60,11.75,"bump st,chased3p,faded",Norm,W.,Casse,Abel,,Cedillo,,Harry T. Rosenblum,,,,,,,,OP,02/19/2026,4,9,"bump st, chased 3p, ridden around turn, faded",Omaha Beach,Calypso Run,Harlan's Holiday,04/15/2023,KY,,,,,Barry Butzow & Joni Butzow,CH,136123,962326,,,,,,,,,,,,,,,Pick 3,3.00,3,747.00,9-7-2,62920.00,Pick 4,.50,4,644.30,4-9-7-2,102481.00,Pick 5,.50,5,3761.45,6-4-9-7-2,138092.00,Classix,1.00,5,67.60,3/8-6-4-9-7-2,6168.00,Classix,1.00,6,1826.70,3/8-6-4-9-7-2,6168.00,Daily Double,5.00,,66.00,7-2,72282.00,Exacta,1.00,,57.70,2-3,147888.00,Superfecta,.10,,162.80,2-3-9-7,58339.00,Trifecta,.50,,101.05,2-3-9,82951.00,,,,,,,,,,,,,,,,,,,,,,,,,,,,,,,,,,,,,,,,,,,,,,,,,,,,,,,,,,,,
OP,03/22/2026,9,Thoroughbred,6.00,,Dirt,,Main Course,Maiden Claiming,,,,3 year olds,,38000,32000,28000,,,8,Fast,Clear,4:47,,,,21.980,45.770,58.460,,,71.350,218117,80,,1,1,,,,,,,,,,,,,Miss You Mo,3,C,L,Blinkers,122,32000,475,4,,10,6.9,,,,,,4,3,5,6,,,7,7,7,3.20,8.10,,,13.60,18.50,"tracked 2p, retreated",Rodolphe,,Brisset,Cristian,A.,Torres,,"Storyteller Racing and Open Gate Horse Ventures, LLC",,,,,,,,OP,02/28/2026,3,6,"tracked 2p early, retreated",Uncle Mo,Red Ruby,Tiznow,04/18/2023,KY,,,Y,Vet,"Sandra Sexton, Brandi Nicholson & Steven Nicholson",GR/RO,158863,959213,,,,,,,,,,,,,,,Pick 3,3.00,3,747.00,9-7-2,62920.00,Pick 4,.50,4,644.30,4-9-7-2,102481.00,Pick 5,.50,5,3761.45,6-4-9-7-2,138092.00,Classix,1.00,5,67.60,3/8-6-4-9-7-2,6168.00,Classix,1.00,6,1826.70,3/8-6-4-9-7-2,6168.00,Daily Double,5.00,,66.00,7-2,72282.00,Exacta,1.00,,57.70,2-3,147888.00,Superfecta,.10,,162.80,2-3-9-7,58339.00,Trifecta,.50,,101.05,2-3-9,82951.00,,,,,,,,,,,,,,,,,,,,,,,,,,,,,,,,,,,,,,,,,,,,,,,,,,,,,,,,,,,,
OP,03/22/2026,9,Thoroughbred,6.00,,Dirt,,Main Course,Maiden Claiming,,,,3 year olds,,38000,32000,28000,,,8,Fast,Clear,4:47,,,,21.980,45.770,58.460,,,71.350,218117,80,,1,1,,,,,,,,,,,,,Big Fuzz,3,G,L,,122,32000,475,8,,8,4.4,,,,,,7,8,7,8,,,8,8,8,6.70,10.70,,,17.60,29.00,"broke out, 2p, no bid",Steven,M.,Asmussen,Keith,J.,Asmussen,,Clark O. Brewster,Y,Eric,N.,Foster,"Foster Family Racing and Wargel, William J.",,,,,,,"broke out, wellback 2p, never threatened",Tapiture,Gwithian,Street Sense,04/21/2023,KY,,2,,,Clark O. Brewster,B,168392,5621,,,,,,,,,,,,,,,Pick 3,3.00,3,747.00,9-7-2,62920.00,Pick 4,.50,4,644.30,4-9-7-2,102481.00,Pick 5,.50,5,3761.45,6-4-9-7-2,138092.00,Classix,1.00,5,67.60,3/8-6-4-9-7-2,6168.00,Classix,1.00,6,1826.70,3/8-6-4-9-7-2,6168.00,Daily Double,5.00,,66.00,7-2,72282.00,Exacta,1.00,,57.70,2-3,147888.00,Superfecta,.10,,162.80,2-3-9-7,58339.00,Trifecta,.50,,101.05,2-3-9,82951.00,,,,,,,,,,,,,,,,,,,,,,,,,,,,,,,,,,,,,,,,,,,,,,,,,,,,,,,,,,,,
